url,claim_text,class,evidence_url,verified_date,action,status
https://everlasting-goods.com,"🔧 Tools Hand tools, power tools, and workshop essentials built for a lifetime.",warranty,,,verify against current manufacturer documentation or remove,unsupported_pending_correction
https://everlasting-goods.com,"Learn more about us 🔬 Evidence-led Materials, warranties, repairs, owner reports 🛡️ Warranted Lifetime warranty preferred 🌍 Sustainable Less waste, more value 💯 Honest Unbiased recommendations Durable Gear, No Disposable Junk Get researched Buy It For Life guides, maintenance advice, and product updates.",warranty,,,verify against current manufacturer documentation or remove,unsupported_pending_correction
https://everlasting-goods.com/best-bifl-products,"The best ones come with lifetime warranties, are repairable, and age beautifully with use.",warranty,,,verify against current manufacturer documentation or remove,unsupported_pending_correction
https://everlasting-goods.com/best-bifl-products,"Every review on this page evaluates products against the core BIFL criteria: build quality , repairability , warranty strength , and real-world durability reported by long-term owners.",warranty,,,verify against current manufacturer documentation or remove,unsupported_pending_correction
https://everlasting-goods.com/best-bifl-products,🍳 Kitchen & Cooking 9 guides Best Cast Iron Skillets That Last Forever A well-seasoned cast iron skillet is the ultimate buy-it-for-life kitchen essential.,specification,,,verify against current manufacturer documentation or remove,unsupported_pending_correction
https://everlasting-goods.com/best-bifl-products,Read guide → Best Kitchen Knives That Last a Lifetime A great chef's knife is the most important tool in your kitchen.,warranty,,,verify against current manufacturer documentation or remove,unsupported_pending_correction
https://everlasting-goods.com/best-bifl-products,Read guide → Best Lodge Cast Iron Pieces: The Complete Collection Guide Discover the best Lodge cast iron cookware for your kitchen with this comprehensive guide.,specification,,,verify against current manufacturer documentation or remove,unsupported_pending_correction
https://everlasting-goods.com/best-bifl-products,"Read guide → Best Buy It For Life Chef's Knives: Professional Picks Discover the best chef’s knives that last a lifetime, perfect for professional kitchens and serious home cooks.",warranty,,,verify against current manufacturer documentation or remove,unsupported_pending_correction
https://everlasting-goods.com/best-bifl-products,"Read guide → Best Buy It For Life Cast Iron Dutch Ovens When it comes to kitchen essentials that truly stand the test of time, a high-quality cast iron Dutch oven is at the top of the list for Buy It For Life.",specification,,,verify against current manufacturer documentation or remove,unsupported_pending_correction
https://everlasting-goods.com/best-bifl-products,Read guide → Best BIFL Wallets for Men: Leather Wallets That Age Beautifully Discover the best leather wallets for men that are built to last a lifetime.,warranty,,,verify against current manufacturer documentation or remove,unsupported_pending_correction
https://everlasting-goods.com/best-bifl-products,Read guide → Best Stainless Steel Water Bottles That Last Forever Discover the best long-lasting stainless steel water bottles that are built to last forever.,specification,,,verify against current manufacturer documentation or remove,unsupported_pending_correction
https://everlasting-goods.com/best-bifl-products,Read guide → Best Buy It For Life (BIFL) Everyday Carry Pens: Pens That Last a Lifetime Discover the top BIFL everyday carry pens with long-lasting durability and practicality.,warranty,,,verify against current manufacturer documentation or remove,unsupported_pending_correction
https://everlasting-goods.com/best-bifl-products,"We compared materials, repair paths, warranties, and long-term owner reports across Gore-Tex, eVent, and waxed cotton shells.",specification,,,verify against current manufacturer documentation or remove,unsupported_pending_correction
https://everlasting-goods.com/best-bifl-products,"Read guide → Best Leather Belts That Last a Lifetime We researched full-grain leather belts from Orion, Hanks, and Saddleback to find the ones that genuinely last decades.",warranty,,,verify against current manufacturer documentation or remove,unsupported_pending_correction
https://everlasting-goods.com/best-bifl-products,"Read guide → Best Darn Tough Socks: The Only Socks With a Lifetime Guarantee When it comes to choosing the right socks for your feet, especially if you're someone who spends a lot of time on them, be it hiking, running, or simply...",warranty,,,verify against current manufacturer documentation or remove,unsupported_pending_correction
https://everlasting-goods.com/best-bifl-products,Read guide → 🔧 Tools & Workshop 4 guides Best Estwing Hammers That Last a Lifetime Estwing keeps showing up in real-world longevity threads because one-piece steel hammers are brutally hard to kill.,warranty,,,verify against current manufacturer documentation or remove,unsupported_pending_correction
https://everlasting-goods.com/best-bifl-products,"Read guide → Best Buy It For Life Gifts Under $50: Quality Picks That Last Discover our top picks for durable gifts under $50, including knives, pens, socks, cookware, and water bottles that promise longevity and quality.",price,,,remove stated price or add dated approved source,unsupported_pending_correction
https://everlasting-goods.com/best-bifl-products,"Read guide → Best BIFL Watches Under $500 When it comes to buying a watch that you'll keep for years, investing in something made right from the start is crucial.",price,,,remove stated price or add dated approved source,unsupported_pending_correction
https://everlasting-goods.com/best-bifl-products,"Read guide → Best Mechanical Watches That Last a Lifetime In an era of disposable electronics, a quality mechanical watch is a radical act.",warranty,,,verify against current manufacturer documentation or remove,unsupported_pending_correction
https://everlasting-goods.com/best-bifl-products,Read guide → Best Dive Watches That Last a Lifetime Dive watches are the most overbuilt timepieces ever made.,warranty,,,verify against current manufacturer documentation or remove,unsupported_pending_correction
https://everlasting-goods.com/best-bifl-products,"Read guide → Best Safety Razors That Last a Lifetime An evidence-led guide to durable safety razors, comparing head design, materials, maintenance, and manufacturer documentation.",warranty,,,verify against current manufacturer documentation or remove,unsupported_pending_correction
https://everlasting-goods.com/best-bifl-products,Read guide → Best Office Chairs That Actually Last A good office chair is one of the highest-return purchases you can make because your back will use it far more than your wallet will remember the price.,price,,,remove stated price or add dated approved source,unsupported_pending_correction
https://everlasting-goods.com/best-bifl-products,Read guide → Best Buy It For Life Coffee Grinders A great coffee grinder can last decades — or a lifetime.,warranty,,,verify against current manufacturer documentation or remove,unsupported_pending_correction
https://everlasting-goods.com/best-bifl-products,"Read guide → Best Stainless Steel Pots That Last Forever The only stainless steel pots worth buying — tri-ply construction, lifetime warranties, and actual durability tested by decades of home cooking.",warranty,,,verify against current manufacturer documentation or remove,unsupported_pending_correction
https://everlasting-goods.com/best-bifl-products,Read guide → Best Toasters That Last a Lifetime Most toasters die in 2-3 years.,warranty,,,verify against current manufacturer documentation or remove,unsupported_pending_correction
https://everlasting-goods.com/best-bifl-products,"Read guide → Best Buy It For Life Alarm Clocks When it comes to waking up every day, you might think a $10 alarm clock from your local store would do just fine.",price,,,remove stated price or add dated approved source,unsupported_pending_correction
https://everlasting-goods.com/blog,"Articles — Buy It For Life Product Reviews | Everlasting Goods E Everlasting Goods Buy It For Life Articles Start Here Products Categories 🍳 Kitchen 🔦 EDC 🏔️ Outdoor 👢 Clothing 🔧 Tools 🏠 Home About The Journal All Articles Deep-dive reviews, buying guides, and care tips for products that last a lifetime.",warranty,,,verify against current manufacturer documentation or remove,unsupported_pending_correction
https://everlasting-goods.com/blog,"April 8, 2026 13 min read Tools Best Estwing Hammers That Last a Lifetime Estwing keeps showing up in real-world longevity threads because one-piece steel hammers are brutally hard to kill.",warranty,,,verify against current manufacturer documentation or remove,unsupported_pending_correction
https://everlasting-goods.com/blog,"April 8, 2026 14 min read Kitchen Best Cast Iron Skillets That Last Forever A well-seasoned cast iron skillet is the ultimate buy-it-for-life kitchen essential.",specification,,,verify against current manufacturer documentation or remove,unsupported_pending_correction
https://everlasting-goods.com/blog,"October 28, 2024 15 min read Kitchen Best Kitchen Knives That Last a Lifetime A great chef's knife is the most important tool in your kitchen.",warranty,,,verify against current manufacturer documentation or remove,unsupported_pending_correction
https://everlasting-goods.com/blog,"April 3, 2026 14 min read EDC Best Mechanical Watches That Last a Lifetime In an era of disposable electronics, a quality mechanical watch is a radical act.",warranty,,,verify against current manufacturer documentation or remove,unsupported_pending_correction
https://everlasting-goods.com/blog,"April 3, 2026 15 min read Kitchen Best Lodge Cast Iron Pieces: The Complete Collection Guide Discover the best Lodge cast iron cookware for your kitchen with this comprehensive guide.",specification,,,verify against current manufacturer documentation or remove,unsupported_pending_correction
https://everlasting-goods.com/blog,"April 3, 2026 8 min read EDC Best BIFL Wallets for Men: Leather Wallets That Age Beautifully Discover the best leather wallets for men that are built to last a lifetime.",warranty,,,verify against current manufacturer documentation or remove,unsupported_pending_correction
https://everlasting-goods.com/blog,"We compared materials, repair paths, warranties, and long-term owner reports across Gore-Tex, eVent, and waxed cotton shells.",specification,,,verify against current manufacturer documentation or remove,unsupported_pending_correction
https://everlasting-goods.com/blog,"April 3, 2026 15 min read EDC Best Stainless Steel Water Bottles That Last Forever Discover the best long-lasting stainless steel water bottles that are built to last forever.",specification,,,verify against current manufacturer documentation or remove,unsupported_pending_correction
https://everlasting-goods.com/blog,"April 3, 2026 8 min read Home Best Buy It For Life Gifts Under $50: Quality Picks That Last Discover our top picks for durable gifts under $50, including knives, pens, socks, cookware, and water bottles that promise longevity and quality.",price,,,remove stated price or add dated approved source,unsupported_pending_correction
https://everlasting-goods.com/blog,"April 3, 2026 8 min read Kitchen Best Buy It For Life Chef's Knives: Professional Picks Discover the best chef’s knives that last a lifetime, perfect for professional kitchens and serious home cooks.",warranty,,,verify against current manufacturer documentation or remove,unsupported_pending_correction
https://everlasting-goods.com/blog,"April 3, 2026 8 min read EDC Best Buy It For Life (BIFL) Everyday Carry Pens: Pens That Last a Lifetime Discover the top BIFL everyday carry pens with long-lasting durability and practicality.",warranty,,,verify against current manufacturer documentation or remove,unsupported_pending_correction
https://everlasting-goods.com/blog,"April 3, 2026 8 min read Home Best Safety Razors That Last a Lifetime An evidence-led guide to durable safety razors, comparing head design, materials, maintenance, and manufacturer documentation.",warranty,,,verify against current manufacturer documentation or remove,unsupported_pending_correction
https://everlasting-goods.com/blog,"April 4, 2026 13 min read Clothing Best Leather Belts That Last a Lifetime We researched full-grain leather belts from Orion, Hanks, and Saddleback to find the ones that genuinely last decades.",warranty,,,verify against current manufacturer documentation or remove,unsupported_pending_correction
https://everlasting-goods.com/blog,"April 6, 2026 11 min read Clothing Best Darn Tough Socks: The Only Socks With a Lifetime Guarantee When it comes to choosing the right socks for your feet, especially if you're someone who spends a lot of time on them, be it hiking, running, or simply...",warranty,,,verify against current manufacturer documentation or remove,unsupported_pending_correction
https://everlasting-goods.com/blog,"April 11, 2026 13 min read Home Best Office Chairs That Actually Last A good office chair is one of the highest-return purchases you can make because your back will use it far more than your wallet will remember the price.",price,,,remove stated price or add dated approved source,unsupported_pending_correction
https://everlasting-goods.com/blog,"April 11, 2026 11 min read Kitchen Best Buy It For Life Coffee Grinders A great coffee grinder can last decades — or a lifetime.",warranty,,,verify against current manufacturer documentation or remove,unsupported_pending_correction
https://everlasting-goods.com/blog,"April 15, 2026 11 min read EDC Best Dive Watches That Last a Lifetime Dive watches are the most overbuilt timepieces ever made.",warranty,,,verify against current manufacturer documentation or remove,unsupported_pending_correction
https://everlasting-goods.com/blog,"April 17, 2026 11 min read EDC Best BIFL Watches Under $500 When it comes to buying a watch that you'll keep for years, investing in something made right from the start is crucial.",price,,,remove stated price or add dated approved source,unsupported_pending_correction
https://everlasting-goods.com/blog,"April 17, 2026 11 min read Kitchen Best Stainless Steel Pots That Last Forever The only stainless steel pots worth buying — tri-ply construction, lifetime warranties, and actual durability tested by decades of home cooking.",warranty,,,verify against current manufacturer documentation or remove,unsupported_pending_correction
https://everlasting-goods.com/blog,"April 18, 2026 8 min read Kitchen Best Toasters That Last a Lifetime Most toasters die in 2-3 years.",warranty,,,verify against current manufacturer documentation or remove,unsupported_pending_correction
https://everlasting-goods.com/blog,"April 18, 2026 8 min read Home Best Buy It For Life Alarm Clocks When it comes to waking up every day, you might think a $10 alarm clock from your local store would do just fine.",price,,,remove stated price or add dated approved source,unsupported_pending_correction
https://everlasting-goods.com/blog,"April 18, 2026 9 min read Kitchen Best Buy It For Life Cast Iron Dutch Ovens When it comes to kitchen essentials that truly stand the test of time, a high-quality cast iron Dutch oven is at the top of the list for Buy It For Life.",specification,,,verify against current manufacturer documentation or remove,unsupported_pending_correction
https://everlasting-goods.com/products,"Product Directory — BIFL Products Worth Buying | Everlasting Goods E Everlasting Goods Buy It For Life Articles Start Here Products Categories 🍳 Kitchen 🔦 EDC 🏔️ Outdoor 👢 Clothing 🔧 Tools 🏠 Home About The Directory BIFL Products Every product here is selected for durable construction, repairability, warranty support, and owner evidence.",warranty,,,verify against current manufacturer documentation or remove,unsupported_pending_correction
https://everlasting-goods.com/products,Read the full BIFL hub Browse all articles 🍳 Lodge Lodge 12-Inch Cast Iron Skillet Verified product photo not yet loaded Lodge Lodge 12-Inch Cast Iron Skillet Pre-seasoned and ready to use right out of the box.,specification,,,verify against current manufacturer documentation or remove,unsupported_pending_correction
https://everlasting-goods.com/products,Lodge has been making cast iron in Tennessee since 1896.,specification,,,verify against current manufacturer documentation or remove,unsupported_pending_correction
https://everlasting-goods.com/products,"Price, availability, and customer reviews can change.",price,,,remove stated price or add dated approved source,unsupported_pending_correction
https://everlasting-goods.com/products,Check Price on Amazon 🏔️ GORUCK GORUCK GR1 26L Verified product photo not yet loaded GORUCK GORUCK GR1 26L Built by Green Berets in the USA from 1000D Cordura.,price,,,remove stated price or add dated approved source,unsupported_pending_correction
https://everlasting-goods.com/products,"Check Price on Amazon 👢 Red Wing Red Wing Iron Ranger 8111 Verified product photo not yet loaded Red Wing Red Wing Iron Ranger 8111 Amber Harness leather, Vibram mini-lug outsole, triple-stitched quality.",price,,,remove stated price or add dated approved source,unsupported_pending_correction
https://everlasting-goods.com/products,"Check Price on Amazon 🍳 Victorinox Victorinox Fibrox Pro 8"" Chef's Knife Verified product photo not yet loaded Victorinox Victorinox Fibrox Pro 8"" Chef's Knife The best chef's knife for 90% of home cooks.",price,,,remove stated price or add dated approved source,unsupported_pending_correction
https://everlasting-goods.com/products,"Check Price on Amazon 🔦 SureFire SureFire EDC1-DFT Flashlight Verified product photo not yet loaded SureFire SureFire EDC1-DFT Flashlight Machined from aerospace aluminum, dual-fuel compatible, and virtually indestructible.",price,,,remove stated price or add dated approved source,unsupported_pending_correction
https://everlasting-goods.com/products,Check Price on Amazon 👢 Darn Tough Darn Tough Hiker Micro Crew Verified product photo not yet loaded Darn Tough Darn Tough Hiker Micro Crew Made in Vermont from premium Merino wool.,price,,,remove stated price or add dated approved source,unsupported_pending_correction
https://everlasting-goods.com/products,"The unconditional lifetime warranty says it all — if these socks ever wear out, Darn Tough replaces them.",warranty,,,verify against current manufacturer documentation or remove,unsupported_pending_correction
https://everlasting-goods.com/products,"Check Price on Amazon E Everlasting Goods Evidence-led guides to durable, long-lasting products worth buying once.",price,,,remove stated price or add dated approved source,unsupported_pending_correction
https://everlasting-goods.com/about,Hands-on testing is identified only when it actually occurred.,testing_experience,,,remove or rewrite from cited evidence,unsupported_pending_correction
https://everlasting-goods.com/about,"Longevity We assess long-term durability through documented owner reports, warranty analysis, parts support, and repair history.",warranty,,,verify against current manufacturer documentation or remove,unsupported_pending_correction
https://everlasting-goods.com/about,Warranty We prioritize products backed by meaningful warranties — lifetime guarantees are our gold standard.,warranty,,,verify against current manufacturer documentation or remove,unsupported_pending_correction
https://everlasting-goods.com/methodology,"What we evaluate We prioritize materials and construction, common failure modes, repairability, replacement parts, warranty terms, maintenance requirements, manufacturer documentation, and credible long-term owner reports.",warranty,,,verify against current manufacturer documentation or remove,unsupported_pending_correction
https://everlasting-goods.com/methodology,"Evidence hierarchy Primary manufacturer specifications, manuals, warranty terms, and repair documentation.",warranty,,,verify against current manufacturer documentation or remove,unsupported_pending_correction
https://everlasting-goods.com/methodology,"Hands-on testing We use terms such as “tested,” “used,” or “owned” only when a dated record identifies the tester, exact product, method, duration, and results.",testing_experience,,,remove or rewrite from cited evidence,unsupported_pending_correction
https://everlasting-goods.com/methodology,We prefer exact product destinations and remove stale prices or ratings when no approved current data source exists.,price,,,remove stated price or add dated approved source,unsupported_pending_correction
https://everlasting-goods.com/methodology,"Corrections and updates Products, warranty terms, and parts support change.",warranty,,,verify against current manufacturer documentation or remove,unsupported_pending_correction
https://everlasting-goods.com/articles/best-thermal-shock-resistant-glass-drink-dispensers-that-hold-up,"If your kitchen already leans toward practical gear, this is the same logic behind a cast iron skillet that lasts forever or a stainless steel bottle that survives real life .",specification,,,verify against current manufacturer documentation or remove,unsupported_pending_correction
https://everlasting-goods.com/articles/best-thermal-shock-resistant-glass-drink-dispensers-that-hold-up,Stainless steel is usually the safer bet than flimsy plastic.,specification,,,verify against current manufacturer documentation or remove,unsupported_pending_correction
https://everlasting-goods.com/articles/best-thermal-shock-resistant-glass-drink-dispensers-that-hold-up,Related Reading Best Stainless Steel Water Bottles That Last Forever Best Cast Iron Skillets That Last Forever Best Buy It For Life Products to Buy in Japan FAQ What kind of glass is best for a drink dispenser that may see warm liquids?,specification,,,verify against current manufacturer documentation or remove,unsupported_pending_correction
https://everlasting-goods.com/articles/best-reclining-couches-that-actually-last,Top-grain or full-grain leather costs more because it is better.,specification,,,verify against current manufacturer documentation or remove,unsupported_pending_correction
https://everlasting-goods.com/articles/best-watches-to-mark-a-major-milestone,"Yes, we already have a broader guide to mechanical watches that last a lifetime .",warranty,,,verify against current manufacturer documentation or remove,unsupported_pending_correction
https://everlasting-goods.com/articles/best-watches-to-mark-a-major-milestone,"Omega Aqua Terra is where the budget starts to sting, but the payoff is a truly all-purpose lifetime watch.",warranty,,,verify against current manufacturer documentation or remove,unsupported_pending_correction
https://everlasting-goods.com/articles/best-watches-to-mark-a-major-milestone,A clean 36 to 40 mm watch with a restrained dial is a safer long-term bet than some oversized special edition with red accents and too many opinions.,specification,,,verify against current manufacturer documentation or remove,unsupported_pending_correction
https://everlasting-goods.com/articles/best-watches-to-mark-a-major-milestone,Related Reading Best Mechanical Watches That Last a Lifetime Best EDC Flashlights That Last Forever Best Buy It For Life Everyday Carry Pens FAQ What makes a good sobriety anniversary watch?,warranty,,,verify against current manufacturer documentation or remove,unsupported_pending_correction
https://everlasting-goods.com/articles/best-watches-to-mark-a-major-milestone,"September 5, 2024 11 min read EDC Best Mechanical Watches That Last a Lifetime In an era of disposable electronics, a quality mechanical watch is a radical act.",warranty,,,verify against current manufacturer documentation or remove,unsupported_pending_correction
https://everlasting-goods.com/articles/best-watches-to-mark-a-major-milestone,"April 3, 2026 16 min read EDC Best BIFL Wallets for Men: Leather Wallets That Age Beautifully Discover the best leather wallets for men that are built to last a lifetime.",warranty,,,verify against current manufacturer documentation or remove,unsupported_pending_correction
https://everlasting-goods.com/articles/best-buy-it-for-life-japan-picks,"If your kitchen priorities lean harder toward prep gear, our guides to kitchen knives that last a lifetime and peelers that last for years play the same game.",warranty,,,verify against current manufacturer documentation or remove,unsupported_pending_correction
https://everlasting-goods.com/articles/best-buy-it-for-life-japan-picks,"That same bias toward boring, durable utility is why a stainless steel bottle that lasts forever or a mechanical watch that lasts a lifetime still makes more sense than trendy gear that ages out fast.",warranty,,,verify against current manufacturer documentation or remove,unsupported_pending_correction
https://everlasting-goods.com/articles/best-buy-it-for-life-japan-picks,Do not buy something just because it was made in Japan.,specification,,,verify against current manufacturer documentation or remove,unsupported_pending_correction
https://everlasting-goods.com/articles/best-buy-it-for-life-japan-picks,"Stainless steel, titanium, decent resins, proper blades, and refillable components matter.",specification,,,verify against current manufacturer documentation or remove,unsupported_pending_correction
https://everlasting-goods.com/articles/best-buy-it-for-life-japan-picks,Related Reading Best Kitchen Knives That Last a Lifetime Best Mechanical Watches That Last a Lifetime Best Stainless Steel Water Bottles That Last Forever FAQ What should I buy in Japan if I want something that actually lasts?,warranty,,,verify against current manufacturer documentation or remove,unsupported_pending_correction
https://everlasting-goods.com/articles/best-e-readers-that-actually-last,"So no, an e-reader is not a cast iron skillet.",specification,,,verify against current manufacturer documentation or remove,unsupported_pending_correction
https://everlasting-goods.com/articles/best-e-readers-that-actually-last,That makes them closer in spirit to a stainless steel bottle that lasts forever than to a disposable gadget churn machine.,specification,,,verify against current manufacturer documentation or remove,unsupported_pending_correction
https://everlasting-goods.com/articles/best-e-readers-that-actually-last,"The same restraint applies when shopping for BIFL gifts under $50 or durable buys from Japan : fewer gimmicks, better fundamentals.",price,,,remove stated price or add dated approved source,unsupported_pending_correction
https://everlasting-goods.com/articles/best-e-readers-that-actually-last,Related Reading Best Stainless Steel Water Bottles That Last Forever Best Buy It For Life Gifts Under $50 Best Buy It For Life Products to Buy in Japan FAQ Which e-reader lasts the longest for most people?,price,,,remove stated price or add dated approved source,unsupported_pending_correction
https://everlasting-goods.com/articles/best-peelers-that-last-for-years,Anyone who has already upgraded to a real chef's knife or a cast iron skillet that lasts forever will recognize the pattern.,specification,,,verify against current manufacturer documentation or remove,unsupported_pending_correction
https://everlasting-goods.com/articles/best-peelers-that-last-for-years,Choose stainless steel if you want the safest all-around option.,specification,,,verify against current manufacturer documentation or remove,unsupported_pending_correction
https://everlasting-goods.com/articles/best-peelers-that-last-for-years,Related Reading Best Kitchen Knives That Last a Lifetime Best Cast Iron Skillets That Last Forever Best Buy It For Life Chef's Knives FAQ What type of peeler lasts the longest in a home kitchen?,warranty,,,verify against current manufacturer documentation or remove,unsupported_pending_correction
https://everlasting-goods.com/articles/best-peelers-that-last-for-years,A well-made stainless steel or ceramic Y-peeler is usually the sweet spot.,specification,,,verify against current manufacturer documentation or remove,unsupported_pending_correction
https://everlasting-goods.com/articles/best-peelers-that-last-for-years,Are ceramic peelers better than stainless steel peelers?,specification,,,verify against current manufacturer documentation or remove,unsupported_pending_correction
https://everlasting-goods.com/articles/best-peelers-that-last-for-years,Keep Browsing Full BIFL hub All articles More kitchen guides Related Articles Kitchen Best Cast Iron Skillets That Last Forever A well-seasoned cast iron skillet is the ultimate buy-it-for-life kitchen essential.,specification,,,verify against current manufacturer documentation or remove,unsupported_pending_correction
https://everlasting-goods.com/articles/best-peelers-that-last-for-years,"November 15, 2024 12 min read Kitchen Best Kitchen Knives That Last a Lifetime A great chef's knife is the most important tool in your kitchen.",warranty,,,verify against current manufacturer documentation or remove,unsupported_pending_correction
https://everlasting-goods.com/articles/best-bifl-gifts-for-children-that-last,Why It Matters: Gifts That Truly Endure The trend of “Gifts for children that last a lifetime” is more than just a fleeting fad; it’s a call to action for parents and gift-givers to shift their focus from ephemeral toys to timeless treasures.,warranty,,,verify against current manufacturer documentation or remove,unsupported_pending_correction
https://everlasting-goods.com/articles/best-bifl-gifts-for-children-that-last,"For gift ideas outside the playroom, our guide to buy-it-for-life gifts under $50 is a useful companion.",price,,,remove stated price or add dated approved source,unsupported_pending_correction
https://everlasting-goods.com/articles/best-bifl-gifts-for-children-that-last,Warranty & Customer Reviews : A good warranty can give you peace of mind.,warranty,,,verify against current manufacturer documentation or remove,unsupported_pending_correction
https://everlasting-goods.com/articles/best-bifl-gifts-for-children-that-last,"A: Look for toys made from materials like wood or high-quality plastic, and check the manufacturer’s warranty to ensure it covers common wear and tear.",warranty,,,verify against current manufacturer documentation or remove,unsupported_pending_correction
https://everlasting-goods.com/articles/best-estwing-hammers-that-last-a-lifetime,Best Estwing Hammers That Last a Lifetime | Everlasting Goods E Everlasting Goods Buy It For Life Articles Start Here Products Categories 🍳 Kitchen 🔦 EDC 🏔️ Outdoor 👢 Clothing 🔧 Tools 🏠 Home About Tools Best Estwing Hammers That Last a Lifetime Estwing keeps showing up in real-world longevity threads because one-piece steel hammers are brutally hard to kill.,warranty,,,verify against current manufacturer documentation or remove,unsupported_pending_correction
https://everlasting-goods.com/articles/best-estwing-hammers-that-last-a-lifetime,Related Reading To learn more about premium tools that last a lifetime: How to Choose the Best Hand Tools for Your Workshop Understanding Tool Durability: What Sets Premium Tools Apart?,warranty,,,verify against current manufacturer documentation or remove,unsupported_pending_correction
https://everlasting-goods.com/articles/best-estwing-hammers-that-last-a-lifetime,The Case for Investing in High-Quality Hand Tools FAQ Q: Are Estwing hammers worth the higher price point?,price,,,remove stated price or add dated approved source,unsupported_pending_correction
https://everlasting-goods.com/articles/best-estwing-hammers-that-last-a-lifetime,"A: While Estwing offers a limited lifetime warranty on their products, severe damage might warrant purchasing a replacement.",warranty,,,verify against current manufacturer documentation or remove,unsupported_pending_correction
https://everlasting-goods.com/articles/best-faucet-brands-that-actually-last,It is the same logic that makes stainless steel water bottles and enameled Dutch ovens safer long-term bets than plated junk.,specification,,,verify against current manufacturer documentation or remove,unsupported_pending_correction
https://everlasting-goods.com/articles/best-faucet-brands-that-actually-last,Consider these factors: Material Quality: Opt for solid brass or stainless steel over less durable materials like plastic or zinc alloy.,specification,,,verify against current manufacturer documentation or remove,unsupported_pending_correction
https://everlasting-goods.com/articles/best-faucet-brands-that-actually-last,Lifetime Warranty: Brands offering extended warranties indicate confidence in their product's longevity.,warranty,,,verify against current manufacturer documentation or remove,unsupported_pending_correction
https://everlasting-goods.com/articles/best-faucet-brands-that-actually-last,Moen and Delta both offer lifetime warranties on some models.,warranty,,,verify against current manufacturer documentation or remove,unsupported_pending_correction
https://everlasting-goods.com/articles/best-faucet-brands-that-actually-last,A: Solid brass and stainless steel are the top materials due to their durability and resistance to corrosion.,specification,,,verify against current manufacturer documentation or remove,unsupported_pending_correction
https://everlasting-goods.com/articles/best-cast-iron-skillets-that-last-forever,Best Cast Iron Skillets That Last Forever | Everlasting Goods E Everlasting Goods Buy It For Life Articles Start Here Products Categories 🍳 Kitchen 🔦 EDC 🏔️ Outdoor 👢 Clothing 🔧 Tools 🏠 Home About Kitchen Best Cast Iron Skillets That Last Forever A well-seasoned cast iron skillet is the ultimate buy-it-for-life kitchen essential.,specification,,,verify against current manufacturer documentation or remove,unsupported_pending_correction
https://everlasting-goods.com/articles/best-cast-iron-skillets-that-last-forever,Why Cast Iron Is the Ultimate BIFL Cookware There's a reason your grandmother's cast iron skillet is still going strong after 60 years.,specification,,,verify against current manufacturer documentation or remove,unsupported_pending_correction
https://everlasting-goods.com/articles/best-cast-iron-skillets-that-last-forever,"Cast iron is, quite simply, the most durable cookware material on earth.",specification,,,verify against current manufacturer documentation or remove,unsupported_pending_correction
https://everlasting-goods.com/articles/best-cast-iron-skillets-that-last-forever,"When properly cared for, a cast iron skillet will last not just your lifetime, but your children's and grandchildren's too.",warranty,,,verify against current manufacturer documentation or remove,unsupported_pending_correction
https://everlasting-goods.com/articles/best-cast-iron-skillets-that-last-forever,The same heavy-duty logic applies to a Dutch oven that lasts forever and even the broader Lodge cast iron collection .,specification,,,verify against current manufacturer documentation or remove,unsupported_pending_correction
https://everlasting-goods.com/articles/best-cast-iron-skillets-that-last-forever,"Unlike non-stick pans that degrade after a few years, or stainless steel that can warp, cast iron actually gets better with age .",specification,,,verify against current manufacturer documentation or remove,unsupported_pending_correction
https://everlasting-goods.com/articles/best-cast-iron-skillets-that-last-forever,"Every time you cook with it, you're building up the seasoning — that slick, natural non-stick surface that makes cast iron such a joy to use.",specification,,,verify against current manufacturer documentation or remove,unsupported_pending_correction
https://everlasting-goods.com/articles/best-cast-iron-skillets-that-last-forever,"Our Top Pick: Lodge 12-Inch Skillet Based on construction, price, manufacturer history, and long-term owner reports, the Lodge 12-Inch remains our top recommendation.",price,,,remove stated price or add dated approved source,unsupported_pending_correction
https://everlasting-goods.com/articles/best-cast-iron-skillets-that-last-forever,"Weight: 8 lbs — hefty, but that mass is what gives you even heating Handle: Integrated cast iron with a helper handle opposite Oven safe: To any temperature your oven can reach Made in USA: South Pittsburg, Tennessee since 1896 How to Care for Cast Iron The biggest myth about cast iron is that it's hard to maintain.",specification,,,verify against current manufacturer documentation or remove,unsupported_pending_correction
https://everlasting-goods.com/articles/best-cast-iron-skillets-that-last-forever,That's 90% of cast iron care.,specification,,,verify against current manufacturer documentation or remove,unsupported_pending_correction
https://everlasting-goods.com/articles/best-cast-iron-skillets-that-last-forever,Dry immediately and completely — water is cast iron's only real enemy.,specification,,,verify against current manufacturer documentation or remove,unsupported_pending_correction
https://everlasting-goods.com/articles/best-cast-iron-skillets-that-last-forever,"If you are building a durable kitchen kit piece by piece, pair that routine with a chef's knife that lasts a lifetime and a peeler that stays useful for years .",warranty,,,verify against current manufacturer documentation or remove,unsupported_pending_correction
https://everlasting-goods.com/articles/best-cast-iron-skillets-that-last-forever,"Runner Up: Le Creuset Signature Skillet If budget isn't a concern, the Le Creuset enameled cast iron skillet is a beautiful option.",specification,,,verify against current manufacturer documentation or remove,unsupported_pending_correction
https://everlasting-goods.com/articles/best-cast-iron-skillets-that-last-forever,"At $200+, it's a premium choice, but Le Creuset's lifetime warranty backs it up.",price,,,remove stated price or add dated approved source,unsupported_pending_correction
https://everlasting-goods.com/articles/best-cast-iron-skillets-that-last-forever,"The Verdict You can spend $30 on a Lodge that will literally last forever, or you can keep buying cheap non-stick pans every 2-3 years.",price,,,remove stated price or add dated approved source,unsupported_pending_correction
https://everlasting-goods.com/articles/best-cast-iron-skillets-that-last-forever,A cast iron skillet isn't just a kitchen tool — it's an heirloom.,specification,,,verify against current manufacturer documentation or remove,unsupported_pending_correction
https://everlasting-goods.com/articles/best-cast-iron-skillets-that-last-forever,"Related Reading If you enjoyed this guide, check out these related articles: Best Kitchen Knives That Last a Lifetime Best Dutch Ovens That Last Forever Best Buy It For Life Backpacks Frequently Asked Questions What are the best cast iron skillets that last forever?",warranty,,,verify against current manufacturer documentation or remove,unsupported_pending_correction
https://everlasting-goods.com/articles/best-cast-iron-skillets-that-last-forever,"Le Creuset, Lodge, and Matfer Bourgeat offer durable cast iron skillets known for longevity.",specification,,,verify against current manufacturer documentation or remove,unsupported_pending_correction
https://everlasting-goods.com/articles/best-cast-iron-skillets-that-last-forever,How do I choose a high-quality cast iron skillet?,specification,,,verify against current manufacturer documentation or remove,unsupported_pending_correction
https://everlasting-goods.com/articles/best-cast-iron-skillets-that-last-forever,Why are Le Creuset cast iron skillets considered the best?,specification,,,verify against current manufacturer documentation or remove,unsupported_pending_correction
https://everlasting-goods.com/articles/best-cast-iron-skillets-that-last-forever,What makes Lodge cast iron skillets stand out as durable kitchen tools?,specification,,,verify against current manufacturer documentation or remove,unsupported_pending_correction
https://everlasting-goods.com/articles/best-cast-iron-skillets-that-last-forever,FAQ How do I season a cast iron skillet?,specification,,,verify against current manufacturer documentation or remove,unsupported_pending_correction
https://everlasting-goods.com/articles/best-cast-iron-skillets-that-last-forever,Can I use soap to clean my cast iron skillet?,specification,,,verify against current manufacturer documentation or remove,unsupported_pending_correction
https://everlasting-goods.com/articles/best-cast-iron-skillets-that-last-forever,What is the best brand for long-lasting cast iron skillets?,specification,,,verify against current manufacturer documentation or remove,unsupported_pending_correction
https://everlasting-goods.com/articles/best-cast-iron-skillets-that-last-forever,Products Mentioned 🍳 Lodge Lodge Lodge 12-Inch Cast Iron Skillet See current price and availability on Amazon.,price,,,remove stated price or add dated approved source,unsupported_pending_correction
https://everlasting-goods.com/articles/best-cast-iron-skillets-that-last-forever,"Check Price on Amazon 🍳 Victorinox Victorinox Victorinox Fibrox Pro 8"" Chef's Knife See current price and availability on Amazon.",price,,,remove stated price or add dated approved source,unsupported_pending_correction
https://everlasting-goods.com/articles/best-cast-iron-skillets-that-last-forever,"Check Price on Amazon Keep Browsing Full BIFL hub All articles More kitchen guides Table of Contents Why Cast Iron Is the Ultimate BIFL Cookware Our Top Pick: Lodge 12-Inch Skillet How to Care for Cast Iron Runner Up: Le Creuset Signature Skillet The Verdict Related Reading Frequently Asked Questions Quick Links Lodge 12-Inch Cast Iron Skillet Check current listing Victorinox Fibrox Pro 8"" Chef's Knife Check current listing Related Articles Kitchen Best Peelers That Last for Years A great peeler is one of the cheapest upgrades in the kitchen.",price,,,remove stated price or add dated approved source,unsupported_pending_correction
https://everlasting-goods.com/articles/best-cast-iron-skillets-that-last-forever,"April 9, 2026 12 min read Kitchen Best Kitchen Knives That Last a Lifetime A great chef's knife is the most important tool in your kitchen.",warranty,,,verify against current manufacturer documentation or remove,unsupported_pending_correction
https://everlasting-goods.com/articles/best-buy-it-for-life-backpacks,"A buy-it-for-life backpack isn't just durable — it's thoughtfully designed, well-constructed, and backed by a warranty that means something.",warranty,,,verify against current manufacturer documentation or remove,unsupported_pending_correction
https://everlasting-goods.com/articles/best-buy-it-for-life-backpacks,"We looked at five key factors: material quality, construction method, zipper and hardware quality, warranty, and real-world longevity reports.",warranty,,,verify against current manufacturer documentation or remove,unsupported_pending_correction
https://everlasting-goods.com/articles/best-buy-it-for-life-backpacks,The difference between a $50 backpack and a $300+ BIFL pack is enormous.,price,,,remove stated price or add dated approved source,unsupported_pending_correction
https://everlasting-goods.com/articles/best-buy-it-for-life-backpacks,"BIFL packs use 1000D Cordura or waxed canvas, YKK zippers, and are reinforced far beyond what you'd expect.",specification,,,verify against current manufacturer documentation or remove,unsupported_pending_correction
https://everlasting-goods.com/articles/best-buy-it-for-life-backpacks,"Designed by a Green Beret and built in the USA, it's made from 1000D Cordura nylon — the same material used in military gear.",specification,,,verify against current manufacturer documentation or remove,unsupported_pending_correction
https://everlasting-goods.com/articles/best-buy-it-for-life-backpacks,"Material: 1000D Cordura nylon Capacity: 26 liters Laptop: Fits up to 16"" with padded false-bottom protection Warranty: Lifetime SCARS warranty — they'll repair anything Runner Up: Filson Journeyman For those who prefer waxed canvas over Cordura, the Filson Journeyman is an exceptional choice.",warranty,,,verify against current manufacturer documentation or remove,unsupported_pending_correction
https://everlasting-goods.com/articles/best-buy-it-for-life-backpacks,"Made in Seattle from tin cloth and bridle leather , it has a heritage look that ages beautifully.",specification,,,verify against current manufacturer documentation or remove,unsupported_pending_correction
https://everlasting-goods.com/articles/best-buy-it-for-life-backpacks,"Filson's been making rugged gear since the Klondike Gold Rush, and their warranty is ironclad.",warranty,,,verify against current manufacturer documentation or remove,unsupported_pending_correction
https://everlasting-goods.com/articles/best-buy-it-for-life-backpacks,"Budget Pick: Osprey Daylite Plus At under $100, the Osprey Daylite Plus offers remarkable durability for the price.",price,,,remove stated price or add dated approved source,unsupported_pending_correction
https://everlasting-goods.com/articles/best-buy-it-for-life-backpacks,"While it won't match the GR1 in materials, Osprey's All Mighty Guarantee means they'll repair any product, for any reason, for free.",warranty,,,verify against current manufacturer documentation or remove,unsupported_pending_correction
https://everlasting-goods.com/articles/best-buy-it-for-life-backpacks,That's a BIFL warranty on a budget-friendly pack.,warranty,,,verify against current manufacturer documentation or remove,unsupported_pending_correction
https://everlasting-goods.com/articles/best-buy-it-for-life-backpacks,"The combination of military-grade materials, clean design, and an incredible warranty makes it the gold standard for buy-it-for-life packs.",warranty,,,verify against current manufacturer documentation or remove,unsupported_pending_correction
https://everlasting-goods.com/articles/best-buy-it-for-life-backpacks,"Related Reading If you enjoyed this guide, check out these related articles: Best Cast Iron Skillets That Last Forever Best Kitchen Knives That Last a Lifetime Best Leather Boots That Last 20+ Years Frequently Asked Questions What makes a BIFL backpack durable?",warranty,,,verify against current manufacturer documentation or remove,unsupported_pending_correction
https://everlasting-goods.com/articles/best-buy-it-for-life-backpacks,"BIFL backpacks use high-quality materials like 1000D Cordura nylon, YKK zippers, and reinforced stitching to ensure long-lasting durability.",specification,,,verify against current manufacturer documentation or remove,unsupported_pending_correction
https://everlasting-goods.com/articles/best-buy-it-for-life-backpacks,What warranty should I expect from a BIFL backpack?,warranty,,,verify against current manufacturer documentation or remove,unsupported_pending_correction
https://everlasting-goods.com/articles/best-buy-it-for-life-backpacks,The best BIFL backpacks come with lifetime warranties that cover manufacturing defects and often include free repairs.,warranty,,,verify against current manufacturer documentation or remove,unsupported_pending_correction
https://everlasting-goods.com/articles/best-buy-it-for-life-backpacks,FAQ What is GORUCK's warranty like for their backpacks?,warranty,,,verify against current manufacturer documentation or remove,unsupported_pending_correction
https://everlasting-goods.com/articles/best-buy-it-for-life-backpacks,GORUCK offers a lifetime guarantee against defects and workmanship issues.,warranty,,,verify against current manufacturer documentation or remove,unsupported_pending_correction
https://everlasting-goods.com/articles/best-buy-it-for-life-backpacks,Products Mentioned 🏔️ GORUCK GORUCK GORUCK GR1 26L See current price and availability on Amazon.,price,,,remove stated price or add dated approved source,unsupported_pending_correction
https://everlasting-goods.com/articles/best-buy-it-for-life-backpacks,Check Price on Amazon Keep Browsing Full BIFL hub All articles More outdoor guides Table of Contents What Makes a Backpack BIFL?,price,,,remove stated price or add dated approved source,unsupported_pending_correction
https://everlasting-goods.com/articles/best-buy-it-for-life-backpacks,"We compared materials, repair paths, warranties, and long-term owner reports across Gore-Tex, eVent, and waxed cotton shells.",specification,,,verify against current manufacturer documentation or remove,unsupported_pending_correction
https://everlasting-goods.com/articles/best-kitchen-knives-that-last-a-lifetime,Best Kitchen Knives That Last a Lifetime | Everlasting Goods E Everlasting Goods Buy It For Life Articles Start Here Products Categories 🍳 Kitchen 🔦 EDC 🏔️ Outdoor 👢 Clothing 🔧 Tools 🏠 Home About Kitchen Best Kitchen Knives That Last a Lifetime A great chef's knife is the most important tool in your kitchen.,warranty,,,verify against current manufacturer documentation or remove,unsupported_pending_correction
https://everlasting-goods.com/articles/best-kitchen-knives-that-last-a-lifetime,"A BIFL knife doesn't have to cost $300 — in fact, our top pick is under $40.",price,,,remove stated price or add dated approved source,unsupported_pending_correction
https://everlasting-goods.com/articles/best-kitchen-knives-that-last-a-lifetime,"If you are outfitting the rest of the kitchen at the same time, a cast iron skillet , a Dutch oven , and even a good peeler make the biggest difference fastest.",specification,,,verify against current manufacturer documentation or remove,unsupported_pending_correction
https://everlasting-goods.com/articles/best-kitchen-knives-that-last-a-lifetime,"At under $40, it outperforms knives costing five times as much.",price,,,remove stated price or add dated approved source,unsupported_pending_correction
https://everlasting-goods.com/articles/best-kitchen-knives-that-last-a-lifetime,The high-carbon stainless steel blade takes a razor edge and is easy to sharpen.,specification,,,verify against current manufacturer documentation or remove,unsupported_pending_correction
https://everlasting-goods.com/articles/best-kitchen-knives-that-last-a-lifetime,"Blade: High-carbon stainless steel Length: 8 inches (also available in 6"" and 10"") Handle: Fibrox Pro — textured, slip-resistant Edge: Laser-tested for sharpness Warranty: Lifetime against defects Premium Pick: Wüsthof Classic 8"" If you want a knife that performs beautifully and looks the part, the Wüsthof Classic is the answer.",warranty,,,verify against current manufacturer documentation or remove,unsupported_pending_correction
https://everlasting-goods.com/articles/best-kitchen-knives-that-last-a-lifetime,"At around $150, it's an investment, but one you'll be using 30 years from now.",price,,,remove stated price or add dated approved source,unsupported_pending_correction
https://everlasting-goods.com/articles/best-kitchen-knives-that-last-a-lifetime,"Related Reading If you enjoyed this guide, check out these related articles: Best Cast Iron Skillets That Last Forever Best Dutch Ovens That Last Forever Best Buy It For Life Backpacks Frequently Asked Questions What are the best materials for kitchen knives that last a lifetime?",warranty,,,verify against current manufacturer documentation or remove,unsupported_pending_correction
https://everlasting-goods.com/articles/best-kitchen-knives-that-last-a-lifetime,High-carbon stainless steel is ideal as it balances durability with rust resistance and edge retention.,specification,,,verify against current manufacturer documentation or remove,unsupported_pending_correction
https://everlasting-goods.com/articles/best-kitchen-knives-that-last-a-lifetime,How do I maintain my kitchen knives to ensure they last a lifetime?,warranty,,,verify against current manufacturer documentation or remove,unsupported_pending_correction
https://everlasting-goods.com/articles/best-kitchen-knives-that-last-a-lifetime,What is the warranty on Global kitchen knives?,warranty,,,verify against current manufacturer documentation or remove,unsupported_pending_correction
https://everlasting-goods.com/articles/best-kitchen-knives-that-last-a-lifetime,Global provides a lifetime warranty against defects in materials and workmanship for their knives.,warranty,,,verify against current manufacturer documentation or remove,unsupported_pending_correction
https://everlasting-goods.com/articles/best-kitchen-knives-that-last-a-lifetime,"Products Mentioned 🍳 Victorinox Victorinox Victorinox Fibrox Pro 8"" Chef's Knife See current price and availability on Amazon.",price,,,remove stated price or add dated approved source,unsupported_pending_correction
https://everlasting-goods.com/articles/best-kitchen-knives-that-last-a-lifetime,"Check Price on Amazon Keep Browsing Full BIFL hub All articles More kitchen guides Table of Contents Why You Only Need One Great Knife Best Value: Victorinox Fibrox Pro 8"" Premium Pick: Wüsthof Classic 8"" Keeping Your Knives Sharp The Bottom Line Related Reading Frequently Asked Questions Quick Links Victorinox Fibrox Pro 8"" Chef's Knife Check current listing Related Articles Kitchen Best Peelers That Last for Years A great peeler is one of the cheapest upgrades in the kitchen.",price,,,remove stated price or add dated approved source,unsupported_pending_correction
https://everlasting-goods.com/articles/best-kitchen-knives-that-last-a-lifetime,"April 9, 2026 12 min read Kitchen Best Cast Iron Skillets That Last Forever A well-seasoned cast iron skillet is the ultimate buy-it-for-life kitchen essential.",specification,,,verify against current manufacturer documentation or remove,unsupported_pending_correction
https://everlasting-goods.com/articles/best-leather-boots-that-last-20-years,Why Quality Boots Are the Best Investment in Your Wardrobe Here's the math: a $60 pair of boots lasts 1-2 years.,price,,,remove stated price or add dated approved source,unsupported_pending_correction
https://everlasting-goods.com/articles/best-leather-boots-that-last-20-years,"Over 20 years, that's $600-$1,200 on boots that never look great and hurt your feet.",price,,,remove stated price or add dated approved source,unsupported_pending_correction
https://everlasting-goods.com/articles/best-leather-boots-that-last-20-years,A $340 pair of Red Wing Iron Rangers lasts 20+ years with one or two resolings (~$100 each).,price,,,remove stated price or add dated approved source,unsupported_pending_correction
https://everlasting-goods.com/articles/best-leather-boots-that-last-20-years,Total cost: $440-$540 for boots that look better every year.,price,,,remove stated price or add dated approved source,unsupported_pending_correction
https://everlasting-goods.com/articles/best-leather-boots-that-last-20-years,"Made in Red Wing, Minnesota from Amber Harness leather , with a Goodyear welt that allows for easy resoling.",specification,,,verify against current manufacturer documentation or remove,unsupported_pending_correction
https://everlasting-goods.com/articles/best-leather-boots-that-last-20-years,"Construction: Goodyear welt — fully resoleable Sole: Vibram 430 mini-lug Made in: Red Wing, Minnesota Break-in: 2-3 weeks — be patient, it's worth it Pair With: Darn Tough Socks Quality boots deserve quality socks.",specification,,,verify against current manufacturer documentation or remove,unsupported_pending_correction
https://everlasting-goods.com/articles/best-leather-boots-that-last-20-years,"They regulate temperature, wick moisture, and come with an unconditional lifetime warranty.",warranty,,,verify against current manufacturer documentation or remove,unsupported_pending_correction
https://everlasting-goods.com/articles/best-leather-boots-that-last-20-years,It costs around $100 and gives you what feels like a brand new pair of boots.,price,,,remove stated price or add dated approved source,unsupported_pending_correction
https://everlasting-goods.com/articles/best-leather-boots-that-last-20-years,"Related Reading If you enjoyed this guide, check out these related articles: Best Red Wing Boots: A Complete Buyer's Guide Best Cast Iron Skillets That Last Forever Best Buy It For Life Backpacks Frequently Asked Questions What features should I look for in leather boots that last 20+ years?",specification,,,verify against current manufacturer documentation or remove,unsupported_pending_correction
https://everlasting-goods.com/articles/best-leather-boots-that-last-20-years,"Look for full-grain leather, Goodyear welt construction, reinforced stitching, and a sturdy Vibram sole with good traction.",specification,,,verify against current manufacturer documentation or remove,unsupported_pending_correction
https://everlasting-goods.com/articles/best-leather-boots-that-last-20-years,What is the warranty on Blundstone leather boots?,warranty,,,verify against current manufacturer documentation or remove,unsupported_pending_correction
https://everlasting-goods.com/articles/best-leather-boots-that-last-20-years,Blundstone offers a one-year warranty against defects in materials and workmanship.,warranty,,,verify against current manufacturer documentation or remove,unsupported_pending_correction
https://everlasting-goods.com/articles/best-leather-boots-that-last-20-years,Products Mentioned 👢 Red Wing Red Wing Red Wing Iron Ranger 8111 See current price and availability on Amazon.,price,,,remove stated price or add dated approved source,unsupported_pending_correction
https://everlasting-goods.com/articles/best-leather-boots-that-last-20-years,Check Price on Amazon 👢 Darn Tough Darn Tough Darn Tough Hiker Micro Crew See current price and availability on Amazon.,price,,,remove stated price or add dated approved source,unsupported_pending_correction
https://everlasting-goods.com/articles/best-leather-boots-that-last-20-years,"Check Price on Amazon Keep Browsing Full BIFL hub All articles More clothing guides Table of Contents Why Quality Boots Are the Best Investment in Your Wardrobe Top Pick: Red Wing Iron Ranger 8111 Pair With: Darn Tough Socks Boot Care Basics Worth Every Penny Related Reading Frequently Asked Questions Quick Links Red Wing Iron Ranger 8111 Check current listing Darn Tough Hiker Micro Crew Check current listing Related Articles Clothing Best Red Wing Boots: A Complete Buyer's Guide Discover the best Red Wing boots for long-term use, including Iron Ranger, Blacksmith, Classic Moc, Beckman, Weekender, and Supersole 2.0.",price,,,remove stated price or add dated approved source,unsupported_pending_correction
https://everlasting-goods.com/articles/best-leather-boots-that-last-20-years,"April 4, 2026 13 min read Clothing Best Leather Belts That Last a Lifetime We researched full-grain leather belts from Orion, Hanks, and Saddleback to find the ones that genuinely last decades.",warranty,,,verify against current manufacturer documentation or remove,unsupported_pending_correction
https://everlasting-goods.com/articles/best-edc-flashlights-that-last-forever,"Output: 5 / 650 lumens (low/high) Battery: Dual-fuel — 18650 rechargeable or CR123A Material: Aerospace-grade aluminum Water resistance: IPX8 Warranty: No-hassle lifetime warranty Budget Pick: Fenix E18R V2.0 At around $60, the Fenix E18R V2.0 punches well above its weight.",price,,,remove stated price or add dated approved source,unsupported_pending_correction
https://everlasting-goods.com/articles/best-edc-flashlights-that-last-forever,That same boring practicality is why mechanical watches and stainless steel bottles keep earning long-term loyalty.,specification,,,verify against current manufacturer documentation or remove,unsupported_pending_correction
https://everlasting-goods.com/articles/best-edc-flashlights-that-last-forever,"The SureFire EDC1-DFT is our top pick for its unmatched build quality and lifetime warranty, but even the budget-friendly Fenix will serve you well for years to come.",warranty,,,verify against current manufacturer documentation or remove,unsupported_pending_correction
https://everlasting-goods.com/articles/best-edc-flashlights-that-last-forever,"Related Reading If you enjoyed this guide, check out these related articles: Best Mechanical Watches That Last a Lifetime Best Stainless Steel Water Bottles That Last Forever Best Buy It For Life Backpacks Frequently Asked Questions What are the best EDC flashlights that last forever?",warranty,,,verify against current manufacturer documentation or remove,unsupported_pending_correction
https://everlasting-goods.com/articles/best-edc-flashlights-that-last-forever,"SureFire EDC1-DFT, Fenix E18R, and Streamlight ProTac are top choices for their superior build quality and lifetime warranties.",warranty,,,verify against current manufacturer documentation or remove,unsupported_pending_correction
https://everlasting-goods.com/articles/best-edc-flashlights-that-last-forever,How do I ensure my EDC flashlight lasts a lifetime?,warranty,,,verify against current manufacturer documentation or remove,unsupported_pending_correction
https://everlasting-goods.com/articles/best-edc-flashlights-that-last-forever,FAQ What is the warranty on Fenix flashlights?,warranty,,,verify against current manufacturer documentation or remove,unsupported_pending_correction
https://everlasting-goods.com/articles/best-edc-flashlights-that-last-forever,Fenix provides a limited lifetime warranty against defects in materials and workmanship.,warranty,,,verify against current manufacturer documentation or remove,unsupported_pending_correction
https://everlasting-goods.com/articles/best-edc-flashlights-that-last-forever,Products Mentioned 🔦 SureFire SureFire SureFire EDC1-DFT Flashlight See current price and availability on Amazon.,price,,,remove stated price or add dated approved source,unsupported_pending_correction
https://everlasting-goods.com/articles/best-edc-flashlights-that-last-forever,Check Price on Amazon Keep Browsing Full BIFL hub All articles More edc guides Table of Contents Why Every Person Should Carry a Flashlight Top Pick: SureFire EDC1-DFT Budget Pick: Fenix E18R V2.0 What to Look For in an EDC Flashlight Light Up Your Life Related Reading Frequently Asked Questions Quick Links SureFire EDC1-DFT Flashlight Check current listing Related Articles EDC Best Watches to Mark a Major Milestone The best milestone watch is not the flashiest one.,price,,,remove stated price or add dated approved source,unsupported_pending_correction
https://everlasting-goods.com/articles/best-edc-flashlights-that-last-forever,"April 10, 2026 13 min read EDC Best Mechanical Watches That Last a Lifetime In an era of disposable electronics, a quality mechanical watch is a radical act.",warranty,,,verify against current manufacturer documentation or remove,unsupported_pending_correction
https://everlasting-goods.com/articles/best-edc-flashlights-that-last-forever,"April 3, 2026 16 min read EDC Best BIFL Wallets for Men: Leather Wallets That Age Beautifully Discover the best leather wallets for men that are built to last a lifetime.",warranty,,,verify against current manufacturer documentation or remove,unsupported_pending_correction
https://everlasting-goods.com/articles/best-dutch-ovens-that-last-forever,"The right enameled cast iron or bare cast iron pot can serve your family for 50 years or more — and the only maintenance required is occasional re-seasoning for bare iron, or a little Bar Keepers Friend for enamel.",specification,,,verify against current manufacturer documentation or remove,unsupported_pending_correction
https://everlasting-goods.com/articles/best-dutch-ovens-that-last-forever,"It is the same kitchen philosophy behind a cast iron skillet , a lasting chef's knife , and the broader Lodge cast iron lineup .",specification,,,verify against current manufacturer documentation or remove,unsupported_pending_correction
https://everlasting-goods.com/articles/best-dutch-ovens-that-last-forever,"The physics of cast iron cooking never gets old, either.",specification,,,verify against current manufacturer documentation or remove,unsupported_pending_correction
https://everlasting-goods.com/articles/best-dutch-ovens-that-last-forever,"How to Choose a BIFL Dutch Oven Material: Enameled cast iron is the most versatile choice — the vitreous enamel coating means you can cook acidic foods without seasoning concerns, and cleanup is much easier.",specification,,,verify against current manufacturer documentation or remove,unsupported_pending_correction
https://everlasting-goods.com/articles/best-dutch-ovens-that-last-forever,"Bare cast iron is less expensive and nearly indestructible if properly seasoned, but requires more maintenance.",specification,,,verify against current manufacturer documentation or remove,unsupported_pending_correction
https://everlasting-goods.com/articles/best-dutch-ovens-that-last-forever,"Size: For most families, a 5.5–6 quart Dutch oven is the sweet spot.",specification,,,verify against current manufacturer documentation or remove,unsupported_pending_correction
https://everlasting-goods.com/articles/best-dutch-ovens-that-last-forever,"Top Pick: Le Creuset Signature Round Dutch Oven Le Creuset has been making enameled cast iron since 1925 in France, and the Signature Round Dutch Oven is their flagship product.",specification,,,verify against current manufacturer documentation or remove,unsupported_pending_correction
https://everlasting-goods.com/articles/best-dutch-ovens-that-last-forever,They back every piece with a lifetime warranty.,warranty,,,verify against current manufacturer documentation or remove,unsupported_pending_correction
https://everlasting-goods.com/articles/best-dutch-ovens-that-last-forever,"Material: Enameled cast iron, made in France Size: Available 1–13.25 qt; 5.5 qt is the sweet spot Oven safe: To 500°F (knob) Warranty: Lifetime Price: $350–$420 for 5.5 qt Runner Up: Staub Cocotte Staub is Le Creuset's closest rival, and many professional chefs actually prefer it.",price,,,remove stated price or add dated approved source,unsupported_pending_correction
https://everlasting-goods.com/articles/best-dutch-ovens-that-last-forever,"Best Value: Lodge Enameled Cast Iron Lodge has been making cast iron in South Pittsburg, Tennessee since 1896.",specification,,,verify against current manufacturer documentation or remove,unsupported_pending_correction
https://everlasting-goods.com/articles/best-dutch-ovens-that-last-forever,Their enameled line offers genuine BIFL quality at $60–$120 — a fraction of the French premium brands.,price,,,remove stated price or add dated approved source,unsupported_pending_correction
https://everlasting-goods.com/articles/best-dutch-ovens-that-last-forever,"Same cast iron quality Lodge is famous for, with a durable porcelain enamel finish.",specification,,,verify against current manufacturer documentation or remove,unsupported_pending_correction
https://everlasting-goods.com/articles/best-dutch-ovens-that-last-forever,"If you care enough to maintain a Dutch oven properly, you will probably also appreciate cast iron skillet care and durable prep tools .",specification,,,verify against current manufacturer documentation or remove,unsupported_pending_correction
https://everlasting-goods.com/articles/best-dutch-ovens-that-last-forever,"The Verdict For most people: if you can spend $350+, get the Le Creuset or Staub .",price,,,remove stated price or add dated approved source,unsupported_pending_correction
https://everlasting-goods.com/articles/best-dutch-ovens-that-last-forever,"If you want American-made quality at a fair price, Lodge Enameled is genuinely excellent at a third of the cost.",price,,,remove stated price or add dated approved source,unsupported_pending_correction
https://everlasting-goods.com/articles/best-dutch-ovens-that-last-forever,"Related Reading If you enjoyed this guide, check out these related articles: Best Cast Iron Skillets That Last Forever Best Kitchen Knives That Last a Lifetime Best Buy It For Life Backpacks Frequently Asked Questions What are the top Dutch ovens built to last forever?",warranty,,,verify against current manufacturer documentation or remove,unsupported_pending_correction
https://everlasting-goods.com/articles/best-dutch-ovens-that-last-forever,"Le Creuset, Staub, and Lodge enameled cast iron Dutch ovens are renowned for their durability and longevity.",specification,,,verify against current manufacturer documentation or remove,unsupported_pending_correction
https://everlasting-goods.com/articles/best-dutch-ovens-that-last-forever,"Lodge Dutch ovens are made from pre-seasoned cast iron, which retains heat exceptionally well and develops a natural non-stick surface over time.",specification,,,verify against current manufacturer documentation or remove,unsupported_pending_correction
https://everlasting-goods.com/articles/best-dutch-ovens-that-last-forever,"Enameled cast iron is the most durable choice, combining the heat retention of cast iron with the easy maintenance of a vitreous enamel coating.",specification,,,verify against current manufacturer documentation or remove,unsupported_pending_correction
https://everlasting-goods.com/articles/best-dutch-ovens-that-last-forever,Are there any eco-friendly options for Dutch ovens that last a lifetime?,warranty,,,verify against current manufacturer documentation or remove,unsupported_pending_correction
https://everlasting-goods.com/articles/best-dutch-ovens-that-last-forever,"Lodge offers cast iron cookware made from recycled materials, promoting sustainability while ensuring longevity.",specification,,,verify against current manufacturer documentation or remove,unsupported_pending_correction
https://everlasting-goods.com/articles/best-dutch-ovens-that-last-forever,Products Mentioned 🍳 Lodge Lodge Lodge 12-Inch Cast Iron Skillet See current price and availability on Amazon.,price,,,remove stated price or add dated approved source,unsupported_pending_correction
https://everlasting-goods.com/articles/best-dutch-ovens-that-last-forever,Check Price on Amazon Keep Browsing Full BIFL hub All articles More kitchen guides Table of Contents Why a Dutch Oven Is a BIFL Essential How to Choose a BIFL Dutch Oven Top Pick: Le Creuset Signature Round Dutch Oven Runner Up: Staub Cocotte Best Value: Lodge Enameled Cast Iron Care &amp; Maintenance The Verdict Related Reading Frequently Asked Questions Quick Links Lodge 12-Inch Cast Iron Skillet Check current listing Related Articles Kitchen Best Peelers That Last for Years A great peeler is one of the cheapest upgrades in the kitchen.,price,,,remove stated price or add dated approved source,unsupported_pending_correction
https://everlasting-goods.com/articles/best-dutch-ovens-that-last-forever,"April 9, 2026 12 min read Kitchen Best Cast Iron Skillets That Last Forever A well-seasoned cast iron skillet is the ultimate buy-it-for-life kitchen essential.",specification,,,verify against current manufacturer documentation or remove,unsupported_pending_correction
https://everlasting-goods.com/articles/best-dutch-ovens-that-last-forever,"November 15, 2024 12 min read Kitchen Best Kitchen Knives That Last a Lifetime A great chef's knife is the most important tool in your kitchen.",warranty,,,verify against current manufacturer documentation or remove,unsupported_pending_correction
https://everlasting-goods.com/articles/best-mechanical-watches-that-last-a-lifetime,"Best Mechanical Watches That Last a Lifetime | Everlasting Goods E Everlasting Goods Buy It For Life Articles Start Here Products Categories 🍳 Kitchen 🔦 EDC 🏔️ Outdoor 👢 Clothing 🔧 Tools 🏠 Home About EDC Best Mechanical Watches That Last a Lifetime In an era of disposable electronics, a quality mechanical watch is a radical act.",warranty,,,verify against current manufacturer documentation or remove,unsupported_pending_correction
https://everlasting-goods.com/articles/best-mechanical-watches-that-last-a-lifetime,The movement inside a Rolex Submariner made in 1970 is still being serviced by watchmakers today.,specification,,,verify against current manufacturer documentation or remove,unsupported_pending_correction
https://everlasting-goods.com/articles/best-mechanical-watches-that-last-a-lifetime,Budget $200–$600 for most service-grade watches; more for Rolex/Omega.,price,,,remove stated price or add dated approved source,unsupported_pending_correction
https://everlasting-goods.com/articles/best-mechanical-watches-that-last-a-lifetime,"Case material: 316L stainless steel is the BIFL standard — corrosion-resistant, scratch-resistant, serviceable for life.",specification,,,verify against current manufacturer documentation or remove,unsupported_pending_correction
https://everlasting-goods.com/articles/best-mechanical-watches-that-last-a-lifetime,"Movement: Calibre 3235 (in-house, 70-hour power reserve, COSC certified) Water resistance: 300m Case: 904L stainless steel Price: $9,000–$15,000+ new Value retention: Exceptional — often appreciates in value Runner Up: Omega Seamaster Professional 300M The Omega Seamaster is the choice of working divers, military professionals, and James Bond.",price,,,remove stated price or add dated approved source,unsupported_pending_correction
https://everlasting-goods.com/articles/best-mechanical-watches-that-last-a-lifetime,"Omega's Co-Axial escapement means longer service intervals (every 8–10 years), and the METAS-certified movement inside modern models is one of the most accurate and durable available at this price point.",price,,,remove stated price or add dated approved source,unsupported_pending_correction
https://everlasting-goods.com/articles/best-mechanical-watches-that-last-a-lifetime,"At $5,000–$8,000, it's meaningfully less than the Submariner while delivering comparable long-term quality.",price,,,remove stated price or add dated approved source,unsupported_pending_correction
https://everlasting-goods.com/articles/best-mechanical-watches-that-last-a-lifetime,"Best Value: Seiko Prospex ""Turtle"" For those who want a genuinely BIFL mechanical watch without the luxury price tag, Seiko's Prospex line is the answer.",price,,,remove stated price or add dated approved source,unsupported_pending_correction
https://everlasting-goods.com/articles/best-mechanical-watches-that-last-a-lifetime,"At $400–$800, it's the best dollar-per-lifetime value in mechanical watches.",price,,,remove stated price or add dated approved source,unsupported_pending_correction
https://everlasting-goods.com/articles/best-mechanical-watches-that-last-a-lifetime,"Under $200 for an in-house automatic movement, sapphire crystal , and a classic design that ages beautifully.",price,,,remove stated price or add dated approved source,unsupported_pending_correction
https://everlasting-goods.com/articles/best-mechanical-watches-that-last-a-lifetime,"For service, use a watchmaker certified by the watch's manufacturer for best results.",specification,,,verify against current manufacturer documentation or remove,unsupported_pending_correction
https://everlasting-goods.com/articles/best-mechanical-watches-that-last-a-lifetime,"Related Reading If you enjoyed this guide, check out these related articles: Best EDC Flashlights That Last Forever Best Stainless Steel Water Bottles That Last Forever Best Leather Boots That Last 20+ Years Frequently Asked Questions What are the top mechanical watch brands known for lasting a lifetime?",warranty,,,verify against current manufacturer documentation or remove,unsupported_pending_correction
https://everlasting-goods.com/articles/best-mechanical-watches-that-last-a-lifetime,What features should I look for in a lifetime mechanical watch?,warranty,,,verify against current manufacturer documentation or remove,unsupported_pending_correction
https://everlasting-goods.com/articles/best-mechanical-watches-that-last-a-lifetime,"Look for water resistance, robust case materials like 316L stainless steel, an in-house movement, and a proven service history from the manufacturer.",specification,,,verify against current manufacturer documentation or remove,unsupported_pending_correction
https://everlasting-goods.com/articles/best-mechanical-watches-that-last-a-lifetime,How do I ensure my mechanical watch lasts a lifetime?,warranty,,,verify against current manufacturer documentation or remove,unsupported_pending_correction
https://everlasting-goods.com/articles/best-mechanical-watches-that-last-a-lifetime,Are there any eco-friendly options for mechanical watches that last a lifetime?,warranty,,,verify against current manufacturer documentation or remove,unsupported_pending_correction
https://everlasting-goods.com/articles/best-mechanical-watches-that-last-a-lifetime,"September 5, 2024 11 min read EDC Best BIFL Wallets for Men: Leather Wallets That Age Beautifully Discover the best leather wallets for men that are built to last a lifetime.",warranty,,,verify against current manufacturer documentation or remove,unsupported_pending_correction
https://everlasting-goods.com/articles/best-woodworking-hand-tools-that-last-forever,"A hand plane is cast iron, steel, and wood.",specification,,,verify against current manufacturer documentation or remove,unsupported_pending_correction
https://everlasting-goods.com/articles/best-woodworking-hand-tools-that-last-forever,"The bodies are cast iron, forged steel, or dense hardwood — materials that don't warp, crack, or corrode with normal use and maintenance.",specification,,,verify against current manufacturer documentation or remove,unsupported_pending_correction
https://everlasting-goods.com/articles/best-woodworking-hand-tools-that-last-forever,"Body: Ductile iron casting, machined to tight tolerances Blade: A2 tool steel with exceptional edge retention Handles: Cherry wood Made in: Warren, Maine Price: $325–$425 Best Chisels: Two Cherries Socket Chisels German-made Two Cherries chisels have been made in Remscheid, Germany's toolmaking heartland since 1856.",price,,,remove stated price or add dated approved source,unsupported_pending_correction
https://everlasting-goods.com/articles/best-woodworking-hand-tools-that-last-forever,"At $180–$280 for a 6-piece set, these are the last chisels you'll ever need.",price,,,remove stated price or add dated approved source,unsupported_pending_correction
https://everlasting-goods.com/articles/best-woodworking-hand-tools-that-last-forever,"For a more accessible option, Czech-made Narex Premium chisels deliver exceptional quality at $80–$150 for a full set.",price,,,remove stated price or add dated approved source,unsupported_pending_correction
https://everlasting-goods.com/articles/best-woodworking-hand-tools-that-last-forever,"At $25–$60 for the saw and $12–$20 for replacement blades, it's unbeatable value.",price,,,remove stated price or add dated approved source,unsupported_pending_correction
https://everlasting-goods.com/articles/best-woodworking-hand-tools-that-last-forever,"At $65–$80, it replaces all disposable marking tools permanently and permanently.",price,,,remove stated price or add dated approved source,unsupported_pending_correction
https://everlasting-goods.com/articles/best-woodworking-hand-tools-that-last-forever,"Start with a quality bench plane ( Lie-Nielsen or Veritas ), a set of Narex chisels , and a Gyokucho Razorsaw — under $400 total for a lifetime of capable hand tool work.",price,,,remove stated price or add dated approved source,unsupported_pending_correction
https://everlasting-goods.com/articles/best-woodworking-hand-tools-that-last-forever,"Related Reading If you enjoyed this guide, check out these related articles: Best Cast Iron Skillets That Last Forever Best Buy It For Life Backpacks Best Kitchen Knives That Last a Lifetime Frequently Asked Questions What woodworking hand tools are known to last forever?",warranty,,,verify against current manufacturer documentation or remove,unsupported_pending_correction
https://everlasting-goods.com/articles/best-woodworking-hand-tools-that-last-forever,Why do certain woodworking hand tools last a lifetime?,warranty,,,verify against current manufacturer documentation or remove,unsupported_pending_correction
https://everlasting-goods.com/articles/best-woodworking-hand-tools-that-last-forever,Tools made from high-carbon steel with cast iron or forged steel bodies have no motors or electronics to fail and can be sharpened indefinitely.,specification,,,verify against current manufacturer documentation or remove,unsupported_pending_correction
https://everlasting-goods.com/articles/best-woodworking-hand-tools-that-last-forever,How do I maintain my woodworking hand tools to ensure they last a lifetime?,warranty,,,verify against current manufacturer documentation or remove,unsupported_pending_correction
https://everlasting-goods.com/articles/best-woodworking-hand-tools-that-last-forever,Are there any eco-friendly options for woodworking hand tools that last a lifetime?,warranty,,,verify against current manufacturer documentation or remove,unsupported_pending_correction
https://everlasting-goods.com/articles/best-woodworking-hand-tools-that-last-forever,"4 Best Chisels: Two Cherries Socket Chisels Best Hand Saw: Gyokucho Razorsaw Best Layout Tool: Veritas Wheel Marking Gauge Care &amp; Maintenance Start Here, Build Over Time Related Reading Frequently Asked Questions Related Articles Tools Best Estwing Hammers That Last a Lifetime Estwing keeps showing up in real-world longevity threads because one-piece steel hammers are brutally hard to kill.",warranty,,,verify against current manufacturer documentation or remove,unsupported_pending_correction
https://everlasting-goods.com/articles/best-lodge-cast-iron-pieces-the-complete-collection-guide,Best Lodge Cast Iron Pieces: The Complete Collection Guide | Everlasting Goods E Everlasting Goods Buy It For Life Articles Start Here Products Categories 🍳 Kitchen 🔦 EDC 🏔️ Outdoor 👢 Clothing 🔧 Tools 🏠 Home About Kitchen Best Lodge Cast Iron Pieces: The Complete Collection Guide Discover the best Lodge cast iron cookware for your kitchen with this comprehensive guide.,specification,,,verify against current manufacturer documentation or remove,unsupported_pending_correction
https://everlasting-goods.com/articles/best-lodge-cast-iron-pieces-the-complete-collection-guide,Cast iron cookware is a staple in many kitchens due to its durability and versatility.,specification,,,verify against current manufacturer documentation or remove,unsupported_pending_correction
https://everlasting-goods.com/articles/best-lodge-cast-iron-pieces-the-complete-collection-guide,"Among the best brands out there, Lodge stands out with their wide range of high-quality cast iron pieces.",specification,,,verify against current manufacturer documentation or remove,unsupported_pending_correction
https://everlasting-goods.com/articles/best-lodge-cast-iron-pieces-the-complete-collection-guide,"If you want the short version first, start with our guides to cast iron skillets that last forever and Dutch ovens that last forever .",specification,,,verify against current manufacturer documentation or remove,unsupported_pending_correction
https://everlasting-goods.com/articles/best-lodge-cast-iron-pieces-the-complete-collection-guide,Lodge 10.25 Inch Cast Iron Skillet This compact skillet is a fantastic starter piece if you're new to cast iron cookware or have limited counter space.,specification,,,verify against current manufacturer documentation or remove,unsupported_pending_correction
https://everlasting-goods.com/articles/best-lodge-cast-iron-pieces-the-complete-collection-guide,Pros: Durable construction for long-lasting use Suitable for all stovetops including induction Easily manageable size Shop Now Cons: Slightly smaller for larger cooking needs Might be too small for some family meals Lodge 12 Inch Cast Iron Skillet The 12-inch skillet is a versatile size that works well in most kitchens.,specification,,,verify against current manufacturer documentation or remove,unsupported_pending_correction
https://everlasting-goods.com/articles/best-lodge-cast-iron-pieces-the-complete-collection-guide,"Key Features: Durable cast iron construction that retains heat well Suitable for both stove top and oven use Lid doubles as a shallow baking pan Shop Now Lodge Chef Collection Skillet The Lodge Chef Collection skillet offers a unique design with its flared sides, making it great for sautéing and frying.",specification,,,verify against current manufacturer documentation or remove,unsupported_pending_correction
https://everlasting-goods.com/articles/best-lodge-cast-iron-pieces-the-complete-collection-guide,"Pros: Elegant design that looks great on the table Flared sides make serving easier and faster Durable cast iron construction Shop Now Cons: Slightly more expensive than standard models Might be too heavy for some users to handle easily Lodge Cast Iron Griddle The Lodge griddle is perfect for making pancakes, bacon, and other breakfast favorites.",specification,,,verify against current manufacturer documentation or remove,unsupported_pending_correction
https://everlasting-goods.com/articles/best-lodge-cast-iron-pieces-the-complete-collection-guide,Key Features: Sufficient cooking space for family meals or catering events Easily cleanable with hot water and a scrubber pad Durable cast iron construction that stands up to frequent use Shop Now Lodge Combo Cooker The Lodge combo cooker is an excellent choice for camping and outdoor cooking.,specification,,,verify against current manufacturer documentation or remove,unsupported_pending_correction
https://everlasting-goods.com/articles/best-lodge-cast-iron-pieces-the-complete-collection-guide,"Key Features: Perfect for camping trips or backyard cookouts Durable construction withstands rough handling Multi-functional, can be used as both a pot and grill Shop Now Conclusion Lodge cast iron cookware is a valuable investment for any kitchen.",specification,,,verify against current manufacturer documentation or remove,unsupported_pending_correction
https://everlasting-goods.com/articles/best-lodge-cast-iron-pieces-the-complete-collection-guide,"Related Reading If you enjoyed this guide, check out these related articles: Best Cast Iron Skillets That Last Forever Best Dutch Ovens That Last Forever Best Buy It For Life Backpacks Frequently Asked Questions What are the key features to look for in Lodge cast iron pieces?",specification,,,verify against current manufacturer documentation or remove,unsupported_pending_correction
https://everlasting-goods.com/articles/best-lodge-cast-iron-pieces-the-complete-collection-guide,"Look for pre-seasoned cooking surfaces, even heat distribution, compatibility with all stovetop types including induction, and a solid warranty.",warranty,,,verify against current manufacturer documentation or remove,unsupported_pending_correction
https://everlasting-goods.com/articles/best-lodge-cast-iron-pieces-the-complete-collection-guide,Why choose Lodge cast iron over other brands?,specification,,,verify against current manufacturer documentation or remove,unsupported_pending_correction
https://everlasting-goods.com/articles/best-lodge-cast-iron-pieces-the-complete-collection-guide,"Lodge offers exceptional durability at an affordable price point, and their products are pre-seasoned and ready to use right out of the box.",price,,,remove stated price or add dated approved source,unsupported_pending_correction
https://everlasting-goods.com/articles/best-lodge-cast-iron-pieces-the-complete-collection-guide,How do I maintain Lodge cast iron to ensure longevity?,specification,,,verify against current manufacturer documentation or remove,unsupported_pending_correction
https://everlasting-goods.com/articles/best-lodge-cast-iron-pieces-the-complete-collection-guide,FAQ What are the best Lodge cast iron pieces to buy for my kitchen?,specification,,,verify against current manufacturer documentation or remove,unsupported_pending_correction
https://everlasting-goods.com/articles/best-lodge-cast-iron-pieces-the-complete-collection-guide,How do I properly season my new Lodge cast iron piece?,specification,,,verify against current manufacturer documentation or remove,unsupported_pending_correction
https://everlasting-goods.com/articles/best-lodge-cast-iron-pieces-the-complete-collection-guide,Can Lodge cast iron pieces be used on induction cooktops?,specification,,,verify against current manufacturer documentation or remove,unsupported_pending_correction
https://everlasting-goods.com/articles/best-lodge-cast-iron-pieces-the-complete-collection-guide,"Yes, Lodge offers a line of enameled and bare cast iron that is compatible with induction cooking.",specification,,,verify against current manufacturer documentation or remove,unsupported_pending_correction
https://everlasting-goods.com/articles/best-lodge-cast-iron-pieces-the-complete-collection-guide,Are there any eco-friendly options among Lodge cast iron products?,specification,,,verify against current manufacturer documentation or remove,unsupported_pending_correction
https://everlasting-goods.com/articles/best-lodge-cast-iron-pieces-the-complete-collection-guide,"April 9, 2026 12 min read Kitchen Best Cast Iron Skillets That Last Forever A well-seasoned cast iron skillet is the ultimate buy-it-for-life kitchen essential.",specification,,,verify against current manufacturer documentation or remove,unsupported_pending_correction
https://everlasting-goods.com/articles/best-lodge-cast-iron-pieces-the-complete-collection-guide,"November 15, 2024 12 min read Kitchen Best Kitchen Knives That Last a Lifetime A great chef's knife is the most important tool in your kitchen.",warranty,,,verify against current manufacturer documentation or remove,unsupported_pending_correction
https://everlasting-goods.com/articles/best-bifl-wallets-for-men-leather-wallets-that-age-beautifully,Best BIFL Wallets for Men: Leather Wallets That Age Beautifully | Everlasting Goods E Everlasting Goods Buy It For Life Articles Start Here Products Categories 🍳 Kitchen 🔦 EDC 🏔️ Outdoor 👢 Clothing 🔧 Tools 🏠 Home About EDC Best BIFL Wallets for Men: Leather Wallets That Age Beautifully Discover the best leather wallets for men that are built to last a lifetime.,warranty,,,verify against current manufacturer documentation or remove,unsupported_pending_correction
https://everlasting-goods.com/articles/best-bifl-wallets-for-men-leather-wallets-that-age-beautifully,"Over a lifetime, that's 20+ disposable wallets — probably $500-800 spent on junk that ends up in a landfill.",price,,,remove stated price or add dated approved source,unsupported_pending_correction
https://everlasting-goods.com/articles/best-bifl-wallets-for-men-leather-wallets-that-age-beautifully,"Full-grain leather, hand-stitched or saddle-stitched, from a maker who actually gives a damn.",specification,,,verify against current manufacturer documentation or remove,unsupported_pending_correction
https://everlasting-goods.com/articles/best-bifl-wallets-for-men-leather-wallets-that-age-beautifully,"Our Top Pick: Saddleback Leather Bifold The Saddleback Leather Bifold is the wallet equivalent of a cast iron skillet — simple, indestructible, and it just gets better with time.",specification,,,verify against current manufacturer documentation or remove,unsupported_pending_correction
https://everlasting-goods.com/articles/best-bifl-wallets-for-men-leather-wallets-that-age-beautifully,"Made from full-grain boot leather with a 100-year warranty (yes, really), this wallet is built to outlast you.",warranty,,,verify against current manufacturer documentation or remove,unsupported_pending_correction
https://everlasting-goods.com/articles/best-bifl-wallets-for-men-leather-wallets-that-age-beautifully,"Leather: Full-grain boot leather, vegetable-tanned Construction: Saddle-stitched with marine-grade polyester thread Capacity: 6 card slots + 2 cash compartments Warranty: 100 years — they'll fight over it when you're gone Made in: Designed in USA, crafted in Mexico At around $80-100, it's not cheap.",price,,,remove stated price or add dated approved source,unsupported_pending_correction
https://everlasting-goods.com/articles/best-bifl-wallets-for-men-leather-wallets-that-age-beautifully,But divide that by 30+ years of use and you're looking at about $3/year for a wallet that genuinely improves with age.,price,,,remove stated price or add dated approved source,unsupported_pending_correction
https://everlasting-goods.com/articles/best-bifl-wallets-for-men-leather-wallets-that-age-beautifully,"Leather: Premium vegetable-tanned, sourced from LWG-certified tanneries Capacity: 5-12 cards + flat bills + hidden section Thickness: Remarkably thin — designed to eliminate pocket bulk Warranty: 3 years standard, but these last 10+ easily RFID: Built-in protection Best Budget Pick: Tanner Goods Journeyman At around $60, the Tanner Goods Journeyman is the entry point to truly great leather wallets.",price,,,remove stated price or add dated approved source,unsupported_pending_correction
https://everlasting-goods.com/articles/best-bifl-wallets-for-men-leather-wallets-that-age-beautifully,"Made in Portland, Oregon from English bridle leather, it punches well above its weight class.",specification,,,verify against current manufacturer documentation or remove,unsupported_pending_correction
https://everlasting-goods.com/articles/best-bifl-wallets-for-men-leather-wallets-that-age-beautifully,"Understanding Leather Quality: Why It Matters Not all leather is created equal, and understanding the difference is crucial for buying something that actually lasts: Full-Grain Leather: The gold standard.",specification,,,verify against current manufacturer documentation or remove,unsupported_pending_correction
https://everlasting-goods.com/articles/best-bifl-wallets-for-men-leather-wallets-that-age-beautifully,All our top picks use full-grain.,specification,,,verify against current manufacturer documentation or remove,unsupported_pending_correction
https://everlasting-goods.com/articles/best-bifl-wallets-for-men-leather-wallets-that-age-beautifully,The Verdict Stop buying $20 wallets every two years.,price,,,remove stated price or add dated approved source,unsupported_pending_correction
https://everlasting-goods.com/articles/best-bifl-wallets-for-men-leather-wallets-that-age-beautifully,The Saddleback Bifold is our top pick for its tank-like durability and century warranty.,warranty,,,verify against current manufacturer documentation or remove,unsupported_pending_correction
https://everlasting-goods.com/articles/best-bifl-wallets-for-men-leather-wallets-that-age-beautifully,Related Reading Best Leather Boots That Last 20 Years Best Buy It For Life Backpacks Best BIFL Everyday Carry Pens Frequently Asked Questions What is the best leather for a wallet that lasts a lifetime?,warranty,,,verify against current manufacturer documentation or remove,unsupported_pending_correction
https://everlasting-goods.com/articles/best-bifl-wallets-for-men-leather-wallets-that-age-beautifully,Full-grain vegetable-tanned leather is the gold standard for longevity.,specification,,,verify against current manufacturer documentation or remove,unsupported_pending_correction
https://everlasting-goods.com/articles/best-bifl-wallets-for-men-leather-wallets-that-age-beautifully,A well-made full-grain leather wallet should last 10-30+ years with basic care.,specification,,,verify against current manufacturer documentation or remove,unsupported_pending_correction
https://everlasting-goods.com/articles/best-bifl-wallets-for-men-leather-wallets-that-age-beautifully,Brands like Saddleback offer 100-year warranties because their wallets genuinely outlast their owners.,warranty,,,verify against current manufacturer documentation or remove,unsupported_pending_correction
https://everlasting-goods.com/articles/best-bifl-wallets-for-men-leather-wallets-that-age-beautifully,Is it worth spending $80-100 on a wallet?,price,,,remove stated price or add dated approved source,unsupported_pending_correction
https://everlasting-goods.com/articles/best-bifl-wallets-for-men-leather-wallets-that-age-beautifully,A $100 wallet that lasts 25 years costs $4/year.,price,,,remove stated price or add dated approved source,unsupported_pending_correction
https://everlasting-goods.com/articles/best-bifl-wallets-for-men-leather-wallets-that-age-beautifully,A $20 wallet replaced every 2 years costs $10/year — and you never get the satisfaction of a beautifully aged leather piece.,price,,,remove stated price or add dated approved source,unsupported_pending_correction
https://everlasting-goods.com/articles/best-bifl-wallets-for-men-leather-wallets-that-age-beautifully,FAQ What are the best leather wallets for men that last a lifetime?,warranty,,,verify against current manufacturer documentation or remove,unsupported_pending_correction
https://everlasting-goods.com/articles/best-bifl-wallets-for-men-leather-wallets-that-age-beautifully,Are there any eco-friendly options for BIFL wallets that last a lifetime?,warranty,,,verify against current manufacturer documentation or remove,unsupported_pending_correction
https://everlasting-goods.com/articles/best-bifl-wallets-for-men-leather-wallets-that-age-beautifully,"September 5, 2024 11 min read EDC Best Mechanical Watches That Last a Lifetime In an era of disposable electronics, a quality mechanical watch is a radical act.",warranty,,,verify against current manufacturer documentation or remove,unsupported_pending_correction
https://everlasting-goods.com/articles/best-buy-it-for-life-rain-jackets,"We compared materials, repair paths, warranties, and long-term owner reports across Gore-Tex, eVent, and waxed cotton shells.",specification,,,verify against current manufacturer documentation or remove,unsupported_pending_correction
https://everlasting-goods.com/articles/best-buy-it-for-life-rain-jackets,You spend $150 on a jacket that's garbage in 4 years.,price,,,remove stated price or add dated approved source,unsupported_pending_correction
https://everlasting-goods.com/articles/best-buy-it-for-life-rain-jackets,"A truly BIFL rain jacket either uses serviceable materials such as waxed cotton, a membrane with a documented care path, or a warranty backed by real repair support.",warranty,,,verify against current manufacturer documentation or remove,unsupported_pending_correction
https://everlasting-goods.com/articles/best-buy-it-for-life-rain-jackets,"These picks are based on materials, manufacturer documentation, warranty terms, and long-term owner reports rather than undocumented hands-on testing.",testing_experience,,,remove or rewrite from cited evidence,unsupported_pending_correction
https://everlasting-goods.com/articles/best-buy-it-for-life-rain-jackets,Built with Gore-Tex Pro — the most durable waterproof-breathable membrane available — and backed by Arc'teryx's legendary warranty.,warranty,,,verify against current manufacturer documentation or remove,unsupported_pending_correction
https://everlasting-goods.com/articles/best-buy-it-for-life-rain-jackets,What sets the Beta AR apart from cheaper alternatives is the 3-layer Gore-Tex Pro construction.,specification,,,verify against current manufacturer documentation or remove,unsupported_pending_correction
https://everlasting-goods.com/articles/best-buy-it-for-life-rain-jackets,"Membrane: Gore-Tex Pro — most durable WPB membrane available Waterproofing: 28,000mm water column rating Weight: 16 oz (455g) — light enough for daily carry Hood: StormHood with helmet compatibility and one-hand adjustment Warranty: Arc'teryx lifetime warranty — they'll repair or replace Made in: Designed in Vancouver, manufactured in various facilities At $600, the Beta AR is an investment.",price,,,remove stated price or add dated approved source,unsupported_pending_correction
https://everlasting-goods.com/articles/best-buy-it-for-life-rain-jackets,But here's the math: a $150 jacket every 4 years costs $600 over 16 years.,price,,,remove stated price or add dated approved source,unsupported_pending_correction
https://everlasting-goods.com/articles/best-buy-it-for-life-rain-jackets,"Material: 6oz Sylkoil waxed cotton Waterproofing: Thornproof wax — renewable indefinitely Lining: Cotton tartan (classic) or fleece-lined (winter) Features: Two-way zip, moleskin collar, hand warmer pockets, game pocket Repair: Barbour offers factory repair service for any jacket, any age Made in: South Shields, England since 1894 The Beaufort isn't a technical shell — it won't breathe like Gore-Tex on a steep hike.",specification,,,verify against current manufacturer documentation or remove,unsupported_pending_correction
https://everlasting-goods.com/articles/best-buy-it-for-life-rain-jackets,"Best Value: Patagonia Torrentshell 3L Not everyone can justify $400-600 on a rain jacket, and that's where the Patagonia Torrentshell 3L comes in.",price,,,remove stated price or add dated approved source,unsupported_pending_correction
https://everlasting-goods.com/articles/best-buy-it-for-life-rain-jackets,"At around $180, it uses Patagonia's proprietary H2No Performance Standard 3-layer membrane — not as durable as Gore-Tex Pro, but significantly better than most budget membranes.",price,,,remove stated price or add dated approved source,unsupported_pending_correction
https://everlasting-goods.com/articles/best-buy-it-for-life-rain-jackets,What truly makes the Torrentshell BIFL is Patagonia's Ironclad Guarantee and their Worn Wear repair program.,warranty,,,verify against current manufacturer documentation or remove,unsupported_pending_correction
https://everlasting-goods.com/articles/best-buy-it-for-life-rain-jackets,"Membrane: H2No Performance Standard 3-layer Material: 100% recycled nylon face fabric Weight: 14.3 oz (405g) Features: Adjustable hood, pit zips, stuff-sack pocket Warranty: Ironclad Guarantee + free repairs through Worn Wear Sustainability: Fair Trade Certified, 100% recycled materials Waterproofing Technologies Explained Understanding how rain jackets keep water out helps you make a smarter buying decision: Gore-Tex Pro: The premium membrane.",warranty,,,verify against current manufacturer documentation or remove,unsupported_pending_correction
https://everlasting-goods.com/articles/best-buy-it-for-life-rain-jackets,"Gore-Tex (standard): Great performance, but the membrane isn't as robust long-term as Pro.",specification,,,verify against current manufacturer documentation or remove,unsupported_pending_correction
https://everlasting-goods.com/articles/best-buy-it-for-life-rain-jackets,"And for the best balance of price, performance, and environmental commitment, the Patagonia Torrentshell is hard to beat.",price,,,remove stated price or add dated approved source,unsupported_pending_correction
https://everlasting-goods.com/articles/best-buy-it-for-life-rain-jackets,Related Reading Best Buy It For Life Backpacks Best Leather Boots That Last 20 Years Best BIFL Gifts Under $50 Frequently Asked Questions How long should a quality rain jacket last?,price,,,remove stated price or add dated approved source,unsupported_pending_correction
https://everlasting-goods.com/articles/best-buy-it-for-life-rain-jackets,A premium Gore-Tex Pro jacket like the Arc'teryx Beta AR should last 10-20+ years with proper care.,specification,,,verify against current manufacturer documentation or remove,unsupported_pending_correction
https://everlasting-goods.com/articles/best-buy-it-for-life-rain-jackets,Is Gore-Tex worth the extra money?,specification,,,verify against current manufacturer documentation or remove,unsupported_pending_correction
https://everlasting-goods.com/articles/best-buy-it-for-life-rain-jackets,Gore-Tex Pro specifically offers the best long-term durability of any waterproof-breathable membrane.,specification,,,verify against current manufacturer documentation or remove,unsupported_pending_correction
https://everlasting-goods.com/articles/best-buy-it-for-life-rain-jackets,Standard Gore-Tex is also excellent.,specification,,,verify against current manufacturer documentation or remove,unsupported_pending_correction
https://everlasting-goods.com/articles/best-buy-it-for-life-rain-jackets,Patagonia's Gore-Tex jackets are highly durable and designed to last.,specification,,,verify against current manufacturer documentation or remove,unsupported_pending_correction
https://everlasting-goods.com/articles/best-buy-it-for-life-rain-jackets,Are Arc'teryx rain jackets worth the price?,price,,,remove stated price or add dated approved source,unsupported_pending_correction
https://everlasting-goods.com/articles/best-buy-it-for-life-rain-jackets,Gore-Tex and eVent are top choices due to their breathability and long-lasting waterproof properties.,specification,,,verify against current manufacturer documentation or remove,unsupported_pending_correction
https://everlasting-goods.com/articles/best-stainless-steel-water-bottles-that-last-forever,Best Stainless Steel Water Bottles That Last Forever | Everlasting Goods E Everlasting Goods Buy It For Life Articles Start Here Products Categories 🍳 Kitchen 🔦 EDC 🏔️ Outdoor 👢 Clothing 🔧 Tools 🏠 Home About EDC Best Stainless Steel Water Bottles That Last Forever Discover the best long-lasting stainless steel water bottles that are built to last forever.,specification,,,verify against current manufacturer documentation or remove,unsupported_pending_correction
https://everlasting-goods.com/articles/best-stainless-steel-water-bottles-that-last-forever,Evaluating stainless steel water bottles that promise longevity requires looking beyond just the initial purchase price and quality of materials.,price,,,remove stated price or add dated approved source,unsupported_pending_correction
https://everlasting-goods.com/articles/best-stainless-steel-water-bottles-that-last-forever,"Its 18/8 pro-grade stainless steel ensures durability, while the double-wall vacuum insulation keeps drinks cold for up to 24 hours or hot for up to 6 hours.",specification,,,verify against current manufacturer documentation or remove,unsupported_pending_correction
https://everlasting-goods.com/articles/best-stainless-steel-water-bottles-that-last-forever,"Made from 18/8 stainless steel , this bottle is not just tough but also incredibly easy to clean due to the smooth interior surface.",specification,,,verify against current manufacturer documentation or remove,unsupported_pending_correction
https://everlasting-goods.com/articles/best-stainless-steel-water-bottles-that-last-forever,"Available in multiple sizes, this bottle features 18/8 food-grade stainless steel , ensuring your drinks stay fresh and free from chemicals.",specification,,,verify against current manufacturer documentation or remove,unsupported_pending_correction
https://everlasting-goods.com/articles/best-stainless-steel-water-bottles-that-last-forever,"Pros: Wide range of customization options, affordable price point Cons: Not as well-insulated compared to competitors like Hydro Flask Buy on Amazon Who is it best for: Those who want a versatile and customizable bottle at an affordable cost.",price,,,remove stated price or add dated approved source,unsupported_pending_correction
https://everlasting-goods.com/articles/best-stainless-steel-water-bottles-that-last-forever,"This sleek, stainless steel bottle keeps beverages cold for up to 24 hours or hot for up to 12 hours.",specification,,,verify against current manufacturer documentation or remove,unsupported_pending_correction
https://everlasting-goods.com/articles/best-stainless-steel-water-bottles-that-last-forever,"Conclusion Choosing the right stainless steel water bottle boils down to your specific needs, budget, and lifestyle.",specification,,,verify against current manufacturer documentation or remove,unsupported_pending_correction
https://everlasting-goods.com/articles/best-stainless-steel-water-bottles-that-last-forever,"Related Reading If you enjoyed this guide, check out these related articles: Best EDC Flashlights That Last Forever Best Mechanical Watches That Last a Lifetime Best Buy It For Life Backpacks Frequently Asked Questions What are the top stainless steel water bottles for durability?",warranty,,,verify against current manufacturer documentation or remove,unsupported_pending_correction
https://everlasting-goods.com/articles/best-stainless-steel-water-bottles-that-last-forever,Why are stainless steel water bottles considered buy-it-for-life items?,specification,,,verify against current manufacturer documentation or remove,unsupported_pending_correction
https://everlasting-goods.com/articles/best-stainless-steel-water-bottles-that-last-forever,They are made from corrosion-resistant 18/8 stainless steel that maintains structural integrity over years of daily use without degrading.,specification,,,verify against current manufacturer documentation or remove,unsupported_pending_correction
https://everlasting-goods.com/articles/best-stainless-steel-water-bottles-that-last-forever,How can I ensure my stainless steel water bottle lasts a lifetime?,warranty,,,verify against current manufacturer documentation or remove,unsupported_pending_correction
https://everlasting-goods.com/articles/best-stainless-steel-water-bottles-that-last-forever,What features make a stainless steel water bottle truly durable?,specification,,,verify against current manufacturer documentation or remove,unsupported_pending_correction
https://everlasting-goods.com/articles/best-stainless-steel-water-bottles-that-last-forever,"Double-wall vacuum insulation, thick 18/8 stainless steel construction, powder-coated exterior, and quality lids with replaceable gaskets.",specification,,,verify against current manufacturer documentation or remove,unsupported_pending_correction
https://everlasting-goods.com/articles/best-stainless-steel-water-bottles-that-last-forever,Can stainless steel water bottles be repaired if damaged?,specification,,,verify against current manufacturer documentation or remove,unsupported_pending_correction
https://everlasting-goods.com/articles/best-stainless-steel-water-bottles-that-last-forever,"September 5, 2024 11 min read EDC Best Mechanical Watches That Last a Lifetime In an era of disposable electronics, a quality mechanical watch is a radical act.",warranty,,,verify against current manufacturer documentation or remove,unsupported_pending_correction
https://everlasting-goods.com/articles/best-buy-it-for-life-gifts-under-50-quality-picks-that-last,"Best Buy It For Life Gifts Under $50: Quality Picks That Last | Everlasting Goods E Everlasting Goods Buy It For Life Articles Start Here Products Categories 🍳 Kitchen 🔦 EDC 🏔️ Outdoor 👢 Clothing 🔧 Tools 🏠 Home About Home Best Buy It For Life Gifts Under $50: Quality Picks That Last Discover our top picks for durable gifts under $50, including knives, pens, socks, cookware, and water bottles that promise longevity and quality.",price,,,remove stated price or add dated approved source,unsupported_pending_correction
https://everlasting-goods.com/articles/best-buy-it-for-life-gifts-under-50-quality-picks-that-last,Welcome to our guide on the top quality gifts under $50 that are built to last.,price,,,remove stated price or add dated approved source,unsupported_pending_correction
https://everlasting-goods.com/articles/best-buy-it-for-life-gifts-under-50-quality-picks-that-last,Key Features: Merino wool provides warmth without weight Nylon and Lycra blend ensures elasticity and durability Made in USA with a lifetime guarantee against defects Find your perfect pair on Amazon.,warranty,,,verify against current manufacturer documentation or remove,unsupported_pending_correction
https://everlasting-goods.com/articles/best-buy-it-for-life-gifts-under-50-quality-picks-that-last,Lodge 10.25 Inch Cast Iron Skillet The Lodge 10.25 inch cast iron skillet is a kitchen essential that can stand the test of time.,specification,,,verify against current manufacturer documentation or remove,unsupported_pending_correction
https://everlasting-goods.com/articles/best-buy-it-for-life-gifts-under-50-quality-picks-that-last,"Pros: Durable cast iron construction Evens heat beautifully across its surface Easy to clean and maintain Cons: Slightly heavy, may be challenging for some users Requires seasoning maintenance Explore the world of cast iron with Lodge.",specification,,,verify against current manufacturer documentation or remove,unsupported_pending_correction
https://everlasting-goods.com/articles/best-buy-it-for-life-gifts-under-50-quality-picks-that-last,Klean Kanteen 20 oz Bottle The Klean Kanteen 20 oz bottle is a must-have for eco-conscious individuals who want to reduce their plastic waste.,specification,,,verify against current manufacturer documentation or remove,unsupported_pending_correction
https://everlasting-goods.com/articles/best-buy-it-for-life-gifts-under-50-quality-picks-that-last,"Made from high-quality stainless steel , this reusable water bottle can withstand the test of time and keep your beverages fresh.",specification,,,verify against current manufacturer documentation or remove,unsupported_pending_correction
https://everlasting-goods.com/articles/best-buy-it-for-life-gifts-under-50-quality-picks-that-last,Pros: Durable stainless steel construction Easy to clean with wide mouth opening Versatile lid options for different preferences Cons: Limited color choices compared to plastic bottles Slightly heavier than typical water bottles Sip sustainably with Klean Kanteen.,specification,,,verify against current manufacturer documentation or remove,unsupported_pending_correction
https://everlasting-goods.com/articles/best-buy-it-for-life-gifts-under-50-quality-picks-that-last,"Related Reading If you enjoyed this guide, check out these related articles: Best Cast Iron Skillets That Last Forever Best Kitchen Knives That Last a Lifetime Best EDC Flashlights That Last Forever Frequently Asked Questions What are the best buy-it-for-life gifts under $50?",price,,,remove stated price or add dated approved source,unsupported_pending_correction
https://everlasting-goods.com/articles/best-buy-it-for-life-gifts-under-50-quality-picks-that-last,"A Victorinox Swiss Army Knife, Darn Tough socks, Opinel pocket knife, and Lodge cast iron skillet are all excellent BIFL gifts under $50.",price,,,remove stated price or add dated approved source,unsupported_pending_correction
https://everlasting-goods.com/articles/best-buy-it-for-life-gifts-under-50-quality-picks-that-last,Where can I find reliable BIFL items under $50?,price,,,remove stated price or add dated approved source,unsupported_pending_correction
https://everlasting-goods.com/articles/best-buy-it-for-life-gifts-under-50-quality-picks-that-last,"Brands like Victorinox, Lodge, Darn Tough, and Opinel offer excellent durable products well within the $50 budget.",price,,,remove stated price or add dated approved source,unsupported_pending_correction
https://everlasting-goods.com/articles/best-buy-it-for-life-gifts-under-50-quality-picks-that-last,"A good BIFL gift is made from premium materials, backed by a strong warranty, and designed to perform well over many years of regular use.",warranty,,,verify against current manufacturer documentation or remove,unsupported_pending_correction
https://everlasting-goods.com/articles/best-buy-it-for-life-gifts-under-50-quality-picks-that-last,How do I choose the best quality gift under $50?,price,,,remove stated price or add dated approved source,unsupported_pending_correction
https://everlasting-goods.com/articles/best-buy-it-for-life-gifts-under-50-quality-picks-that-last,"Look for items made from high-quality materials like stainless steel, wool, or wood.",specification,,,verify against current manufacturer documentation or remove,unsupported_pending_correction
https://everlasting-goods.com/articles/best-red-wing-boots-a-complete-buyer-s-guide,"Known for their exceptional craftsmanship and timeless style, these boots are designed to last a lifetime with proper care and maintenance.",warranty,,,verify against current manufacturer documentation or remove,unsupported_pending_correction
https://everlasting-goods.com/articles/best-red-wing-boots-a-complete-buyer-s-guide,"Related Reading If you enjoyed this guide, check out these related articles: Best Leather Boots That Last 20+ Years Best Cast Iron Skillets That Last Forever Best Buy It For Life Backpacks Frequently Asked Questions What are the most popular Red Wing boot models?",specification,,,verify against current manufacturer documentation or remove,unsupported_pending_correction
https://everlasting-goods.com/articles/best-red-wing-boots-a-complete-buyer-s-guide,"April 4, 2026 13 min read Clothing Best Leather Belts That Last a Lifetime We researched full-grain leather belts from Orion, Hanks, and Saddleback to find the ones that genuinely last decades.",warranty,,,verify against current manufacturer documentation or remove,unsupported_pending_correction
https://everlasting-goods.com/articles/best-buy-it-for-life-chef-s-knives-professional-picks,"Best Buy It For Life Chef's Knives: Professional Picks | Everlasting Goods E Everlasting Goods Buy It For Life Articles Start Here Products Categories 🍳 Kitchen 🔦 EDC 🏔️ Outdoor 👢 Clothing 🔧 Tools 🏠 Home About Kitchen Best Buy It For Life Chef's Knives: Professional Picks Discover the best chef’s knives that last a lifetime, perfect for professional kitchens and serious home cooks.",warranty,,,verify against current manufacturer documentation or remove,unsupported_pending_correction
https://everlasting-goods.com/articles/best-buy-it-for-life-chef-s-knives-professional-picks,"Pros: Durable high-carbon stainless steel blade Comfortable triple-riveted polypropylene handles Balanced design ideal for precise cuts and professional use Cons: Requires regular sharpening to maintain edge sharpness Slightly heavier than some alternatives, which may not suit everyone's preference Zwilling Pro 8-Inch Chef's Knife The Zwilling Pro 8-Inch Chef's Knife offers a modern take on the classic chef’s knife with its sleek design and advanced features.",specification,,,verify against current manufacturer documentation or remove,unsupported_pending_correction
https://everlasting-goods.com/articles/best-buy-it-for-life-chef-s-knives-professional-picks,Key Features: Full-tang construction for balance and strength Serrated edge on one side for additional functionality (optional feature) Made in Germany with superior craftsmanship Ergonomic handles that fit comfortably in the hand Durability: The ice-hardened steel resists corrosion and maintains its edge longer compared to non-ice-hardened counterparts.,specification,,,verify against current manufacturer documentation or remove,unsupported_pending_correction
https://everlasting-goods.com/articles/best-buy-it-for-life-chef-s-knives-professional-picks,"Pros: Hollow edge reduces sticking of meat, fish, and vegetables Made in Japan from high-carbon stainless steel Balanced weight distribution for smooth cutting action Cons: Requires professional sharpening to maintain the hollow edge design Potentially more expensive compared to some other options on the market Victorinox Fibrox Pro 8-Inch Chef's Knife For those looking for a durable, lightweight option without breaking the bank, the Victorinox Fibrox Pro 8-Inch Chef's Knife is an excellent choice.",specification,,,verify against current manufacturer documentation or remove,unsupported_pending_correction
https://everlasting-goods.com/articles/best-buy-it-for-life-chef-s-knives-professional-picks,"Pros: Affordable pricing without compromising quality Balanced, lightweight design suitable for long hours of use Durable polypropylene handles that are easy to clean and sanitize Cons: Slightly less sharp out-of-the-box compared to some high-end options Possibly requires more frequent sharpening due to its budget-friendly nature Tojiro DP Gyuto 210mm The Tojiro DP Gyuto 210mm is a highly regarded option among professionals for its exceptional sharpness and durability.",specification,,,verify against current manufacturer documentation or remove,unsupported_pending_correction
https://everlasting-goods.com/articles/best-buy-it-for-life-chef-s-knives-professional-picks,Pros: Brightly polished VG-10 steel core with 67 layers of Damascus cladding Fully sharpened by hand at the factory for an incredibly sharp edge right out of the box Limited lifetime warranty adds peace of mind regarding durability Cons: Precise handling required; not suitable for rough treatment or casual use Slightly higher price point compared to some other options on the market Shun Classic 8-Inch Chef's Knife The Shun Classic 8-Inch Chef's Knife is known for its stunning appearance and exceptional performance.,price,,,remove stated price or add dated approved source,unsupported_pending_correction
https://everlasting-goods.com/articles/best-buy-it-for-life-chef-s-knives-professional-picks,"The VG10 stainless steel blade, combined with a D-shaped Pakkawood handle, makes it both functional and beautiful.",specification,,,verify against current manufacturer documentation or remove,unsupported_pending_correction
https://everlasting-goods.com/articles/best-buy-it-for-life-chef-s-knives-professional-picks,"Pros: Brightly polished VG10 high-carbon stainless steel Pakkawood handles that are resistant to water damage and staining Ergonomic shape for comfortable use over extended periods Cons: Requires regular maintenance including honing and sharpening Priced higher than some other options, reflecting its premium materials and craftsmanship Conclusion Choosing a chef’s knife that you can rely on for years requires careful consideration of both durability and maintainability.",price,,,remove stated price or add dated approved source,unsupported_pending_correction
https://everlasting-goods.com/articles/best-buy-it-for-life-chef-s-knives-professional-picks,"Whether you're outfitting a professional kitchen or looking to upgrade your home setup, one of these knives is sure to meet your needs and last a lifetime.",warranty,,,verify against current manufacturer documentation or remove,unsupported_pending_correction
https://everlasting-goods.com/articles/best-buy-it-for-life-chef-s-knives-professional-picks,"Related Reading If you enjoyed this guide, check out these related articles: Best Kitchen Knives That Last a Lifetime Best Cast Iron Skillets That Last Forever Best Dutch Ovens That Last Forever Frequently Asked Questions What are the key features to look for in a BIFL chef's knife?",warranty,,,verify against current manufacturer documentation or remove,unsupported_pending_correction
https://everlasting-goods.com/articles/best-buy-it-for-life-chef-s-knives-professional-picks,"Look for high-carbon stainless steel blades, full-tang construction, comfortable ergonomic handles, and a manufacturer's lifetime warranty.",warranty,,,verify against current manufacturer documentation or remove,unsupported_pending_correction
https://everlasting-goods.com/articles/best-buy-it-for-life-chef-s-knives-professional-picks,Which chef's knife brands offer the best lifetime value?,warranty,,,verify against current manufacturer documentation or remove,unsupported_pending_correction
https://everlasting-goods.com/articles/best-buy-it-for-life-chef-s-knives-professional-picks,"April 9, 2026 12 min read Kitchen Best Cast Iron Skillets That Last Forever A well-seasoned cast iron skillet is the ultimate buy-it-for-life kitchen essential.",specification,,,verify against current manufacturer documentation or remove,unsupported_pending_correction
https://everlasting-goods.com/articles/best-buy-it-for-life-chef-s-knives-professional-picks,"November 15, 2024 12 min read Kitchen Best Kitchen Knives That Last a Lifetime A great chef's knife is the most important tool in your kitchen.",warranty,,,verify against current manufacturer documentation or remove,unsupported_pending_correction
https://everlasting-goods.com/articles/best-buy-it-for-life-bifl-everyday-carry-pens-pens-that-last-a-lifetime,Best Buy It For Life (BIFL) Everyday Carry Pens: Pens That Last a Lifetime | Everlasting Goods E Everlasting Goods Buy It For Life Articles Start Here Products Categories 🍳 Kitchen 🔦 EDC 🏔️ Outdoor 👢 Clothing 🔧 Tools 🏠 Home About EDC Best Buy It For Life (BIFL) Everyday Carry Pens: Pens That Last a Lifetime Discover the top BIFL everyday carry pens with long-lasting durability and practicality.,warranty,,,verify against current manufacturer documentation or remove,unsupported_pending_correction
https://everlasting-goods.com/articles/best-buy-it-for-life-bifl-everyday-carry-pens-pens-that-last-a-lifetime,Best Buy It For Life (BIFL) Everyday Carry Pens: Pens That Last a Lifetime Welcome to our guide on the best BIFL everyday carry pens designed for those who demand reliability and durability.,warranty,,,verify against current manufacturer documentation or remove,unsupported_pending_correction
https://everlasting-goods.com/articles/best-buy-it-for-life-bifl-everyday-carry-pens-pens-that-last-a-lifetime,Pros: Writes in extreme conditions Durable stainless steel construction Long-lasting refills available Cons: Slightly more expensive than other options Limited customization options Check out the Fisher Space Pen Bullet on Amazon.,specification,,,verify against current manufacturer documentation or remove,unsupported_pending_correction
https://everlasting-goods.com/articles/best-buy-it-for-life-bifl-everyday-carry-pens-pens-that-last-a-lifetime,"Key Features: Bright, bold ink colors Ergonomic grip section Affordable price point Explore the Zebra F-701 on Amazon.",price,,,remove stated price or add dated approved source,unsupported_pending_correction
https://everlasting-goods.com/articles/best-buy-it-for-life-bifl-everyday-carry-pens-pens-that-last-a-lifetime,Parker Jotter Stainless Steel - Timeless Design The Parker Jotter Stainless Steel is a timeless option that combines sleek design with durable construction.,specification,,,verify against current manufacturer documentation or remove,unsupported_pending_correction
https://everlasting-goods.com/articles/best-buy-it-for-life-bifl-everyday-carry-pens-pens-that-last-a-lifetime,Its stainless steel body gives it an elegant look and feel while also offering resistance to corrosion.,specification,,,verify against current manufacturer documentation or remove,unsupported_pending_correction
https://everlasting-goods.com/articles/best-buy-it-for-life-bifl-everyday-carry-pens-pens-that-last-a-lifetime,Pros: Durable and resistant to wear Sleek and classic design Easily refillable with Parker refills Drawbacks: Might be less comfortable for extended use compared to some other options Pricier than many alternatives Discover the Parker Jotter Stainless Steel on Amazon.,specification,,,verify against current manufacturer documentation or remove,unsupported_pending_correction
https://everlasting-goods.com/articles/best-buy-it-for-life-bifl-everyday-carry-pens-pens-that-last-a-lifetime,"Related Reading If you enjoyed this guide, check out these related articles: Best EDC Flashlights That Last Forever Best Mechanical Watches That Last a Lifetime Best Stainless Steel Water Bottles That Last Forever Frequently Asked Questions What are the best BIFL everyday carry pens?",warranty,,,verify against current manufacturer documentation or remove,unsupported_pending_correction
https://everlasting-goods.com/articles/best-buy-it-for-life-bifl-everyday-carry-pens-pens-that-last-a-lifetime,"The Fisher Space Pen, Parker Jotter Stainless Steel, rOtring 600, and Tactile Turn Bolt Action are all excellent BIFL EDC pen choices.",specification,,,verify against current manufacturer documentation or remove,unsupported_pending_correction
https://everlasting-goods.com/articles/best-buy-it-for-life-bifl-everyday-carry-pens-pens-that-last-a-lifetime,"Look for durable materials like stainless steel or brass, robust click or twist mechanisms, widely available refills, and a comfortable grip design.",specification,,,verify against current manufacturer documentation or remove,unsupported_pending_correction
https://everlasting-goods.com/articles/best-buy-it-for-life-bifl-everyday-carry-pens-pens-that-last-a-lifetime,"September 5, 2024 11 min read EDC Best Mechanical Watches That Last a Lifetime In an era of disposable electronics, a quality mechanical watch is a radical act.",warranty,,,verify against current manufacturer documentation or remove,unsupported_pending_correction
https://everlasting-goods.com/articles/best-safety-razors-that-last-a-lifetime,"Best Safety Razors That Last a Lifetime | Everlasting Goods E Everlasting Goods Buy It For Life Articles Start Here Products Categories 🍳 Kitchen 🔦 EDC 🏔️ Outdoor 👢 Clothing 🔧 Tools 🏠 Home About Home Best Safety Razors That Last a Lifetime An evidence-led guide to durable safety razors, comparing head design, materials, maintenance, and manufacturer documentation.",warranty,,,verify against current manufacturer documentation or remove,unsupported_pending_correction
https://everlasting-goods.com/articles/best-safety-razors-that-last-a-lifetime,We did not perform a long-term hands-on test for this guide.,testing_experience,,,remove or rewrite from cited evidence,unsupported_pending_correction
https://everlasting-goods.com/articles/best-stand-mixers-that-last-20-years,"You spend $150, it lasts three years, and you buy another one.",price,,,remove stated price or add dated approved source,unsupported_pending_correction
https://everlasting-goods.com/articles/best-stand-mixers-that-last-20-years,That's $50 a year for the privilege of making bread.,price,,,remove stated price or add dated approved source,unsupported_pending_correction
https://everlasting-goods.com/articles/best-stand-mixers-that-last-20-years,"Motor: 575-watt, DC motor with all-metal gears Capacity: 6 quarts — handles double batches easily Construction: Die-cast zinc housing, stainless steel bowl Attachments: 12+ optional hub attachments (pasta roller, meat grinder, ice cream maker) Warranty: 1-year full replacement (hassle-free) + parts available for decades Price: ~$350-400 Why it's BIFL: The combination of all-metal internals, universal parts availability, and a design that hasn't fundamentally changed in 87 years makes this the safest long-term bet.",price,,,remove stated price or add dated approved source,unsupported_pending_correction
https://everlasting-goods.com/articles/best-stand-mixers-that-last-20-years,"Check current price on Amazon → Premium Pick: Ankarsrum Original 6230 If the KitchenAid is a Toyota Camry — reliable, everywhere, parts for days — then the Ankarsrum Original 6230 is a Volvo.",price,,,remove stated price or add dated approved source,unsupported_pending_correction
https://everlasting-goods.com/articles/best-stand-mixers-that-last-20-years,"Motor: 600-watt, rated for 7 years continuous operation Capacity: 7 liters (~7.4 quarts) — the largest on this list Construction: All-metal body, stainless steel bowl, Swedish manufacture Special feature: Rotating bowl design handles heavy doughs effortlessly Warranty: 7 years (motor), 3 years (full unit) Price: ~$650-800 Why it's BIFL: This is the mixer for serious bakers.",price,,,remove stated price or add dated approved source,unsupported_pending_correction
https://everlasting-goods.com/articles/best-stand-mixers-that-last-20-years,"The rotating bowl design puts less stress on the motor, the build quality is unmatched, and the 7-year motor warranty isn't marketing — it's Swedish engineering confidence.",warranty,,,verify against current manufacturer documentation or remove,unsupported_pending_correction
https://everlasting-goods.com/articles/best-stand-mixers-that-last-20-years,Check current price on Amazon → Budget Pick: Bosch Universal Plus The Bosch Universal Plus is the mixer that bread bakers swear by.,price,,,remove stated price or add dated approved source,unsupported_pending_correction
https://everlasting-goods.com/articles/best-stand-mixers-that-last-20-years,"Motor: 800-watt — the most powerful on this list Capacity: 6.5 quarts Construction: Plastic body, metal internals, unique drive system Special feature: Handles heavy bread dough better than competitors costing 2x more Warranty: 3 years Price: ~$250-300 Why it's BIFL: The Bosch Universal has been the go-to mixer for Amish and Mennonite communities for decades — people who bake bread daily and don't have time for appliances that break.",price,,,remove stated price or add dated approved source,unsupported_pending_correction
https://everlasting-goods.com/articles/best-stand-mixers-that-last-20-years,Check current price on Amazon → Also Great: Two More Worth Considering KitchenAid Artisan (For Lighter Use) The KitchenAid Artisan (~$280-350) is the tilt-head little brother of our top pick.,price,,,remove stated price or add dated approved source,unsupported_pending_correction
https://everlasting-goods.com/articles/best-stand-mixers-that-last-20-years,Cuisinart SM-50 (The Value Play) The Cuisinart SM-50 (~$200-250) is the best stand mixer under $250 if longevity matters to you.,price,,,remove stated price or add dated approved source,unsupported_pending_correction
https://everlasting-goods.com/articles/best-stand-mixers-that-last-20-years,"It won't last as long as a KitchenAid (Cuisinart's parts availability isn't as deep), but with a 3-year warranty and solid build, it's a legitimate BIFL contender for lighter use.",warranty,,,verify against current manufacturer documentation or remove,unsupported_pending_correction
https://everlasting-goods.com/articles/best-stand-mixers-that-last-20-years,Here's what separates the 20-year machines from the 3-year disappointments: Metal Gears vs.,warranty,,,verify against current manufacturer documentation or remove,unsupported_pending_correction
https://everlasting-goods.com/articles/best-stand-mixers-that-last-20-years,"If you're spending over $200, demand metal gears.",price,,,remove stated price or add dated approved source,unsupported_pending_correction
https://everlasting-goods.com/articles/best-stand-mixers-that-last-20-years,"At $350-400, it costs less than buying three cheap mixers over the same period.",price,,,remove stated price or add dated approved source,unsupported_pending_correction
https://everlasting-goods.com/articles/best-stand-mixers-that-last-20-years,Related Reading Best Cast Iron Skillets That Last Forever Best Kitchen Knives That Last a Lifetime Best Dutch Ovens That Last Forever Frequently Asked Questions How long should a good stand mixer last?,warranty,,,verify against current manufacturer documentation or remove,unsupported_pending_correction
https://everlasting-goods.com/articles/best-stand-mixers-that-last-20-years,"The Pro has a more powerful motor (575W vs 325W), larger bowl (6qt vs 5qt), and bowl-lift design that's more stable under heavy loads.",specification,,,verify against current manufacturer documentation or remove,unsupported_pending_correction
https://everlasting-goods.com/articles/best-stand-mixers-that-last-20-years,Vintage KitchenAid mixers (pre-1990s) were made in the USA with thicker metal and arguably better build quality.,specification,,,verify against current manufacturer documentation or remove,unsupported_pending_correction
https://everlasting-goods.com/articles/best-stand-mixers-that-last-20-years,FAQ What is the warranty on these stand mixers?,warranty,,,verify against current manufacturer documentation or remove,unsupported_pending_correction
https://everlasting-goods.com/articles/best-stand-mixers-that-last-20-years,"April 9, 2026 12 min read Kitchen Best Cast Iron Skillets That Last Forever A well-seasoned cast iron skillet is the ultimate buy-it-for-life kitchen essential.",specification,,,verify against current manufacturer documentation or remove,unsupported_pending_correction
https://everlasting-goods.com/articles/best-stand-mixers-that-last-20-years,"November 15, 2024 12 min read Kitchen Best Kitchen Knives That Last a Lifetime A great chef's knife is the most important tool in your kitchen.",warranty,,,verify against current manufacturer documentation or remove,unsupported_pending_correction
https://everlasting-goods.com/articles/best-buy-it-for-life-denim-jeans,We're not talking $400 designer jeans with a logo on the pocket.,price,,,remove stated price or add dated approved source,unsupported_pending_correction
https://everlasting-goods.com/articles/best-buy-it-for-life-denim-jeans,"Top Pick: Iron Heart 21oz Selvedge (IH-634S) If you want the single toughest pair of jeans money can buy, the Iron Heart IH-634S is it.",specification,,,verify against current manufacturer documentation or remove,unsupported_pending_correction
https://everlasting-goods.com/articles/best-buy-it-for-life-denim-jeans,"While most jeans use 10-14oz fabric, Iron Heart's signature weight is 21oz — nearly twice as thick.",specification,,,verify against current manufacturer documentation or remove,unsupported_pending_correction
https://everlasting-goods.com/articles/best-buy-it-for-life-denim-jeans,"These jeans are made in Kojima, Japan — the denim capital of the world — on vintage shuttle looms.",specification,,,verify against current manufacturer documentation or remove,unsupported_pending_correction
https://everlasting-goods.com/articles/best-buy-it-for-life-denim-jeans,"Fabric: 21oz Japanese selvedge denim Construction: Chain-stitched hems, triple-stitched seams, brass hardware Made in: Kojima, Japan Fit: Straight (IH-634S), slim available (IH-555S) Break-in: Stiff for 2-4 weeks, then incredible Price: ~$350-400 Why it's BIFL: Nothing beats 21oz denim for pure longevity.",price,,,remove stated price or add dated approved source,unsupported_pending_correction
https://everlasting-goods.com/articles/best-buy-it-for-life-denim-jeans,"Check current price on Amazon → Best Value: Tellason Stock Straight The Tellason Stock Straight is what happens when you combine American manufacturing, quality selvedge denim, and a price that doesn't require a second mortgage.",price,,,remove stated price or add dated approved source,unsupported_pending_correction
https://everlasting-goods.com/articles/best-buy-it-for-life-denim-jeans,"At 14.75oz, the fabric is heavy enough to be durable but light enough to be comfortable from day one.",specification,,,verify against current manufacturer documentation or remove,unsupported_pending_correction
https://everlasting-goods.com/articles/best-buy-it-for-life-denim-jeans,"Fabric: 14.75oz Cone Mills White Oak selvedge Construction: Chain-stitched, riveted, bar-tacked Made in: San Francisco, USA Fit: Straight leg, true to size Break-in: Minimal — comfortable from the start Price: ~$175-200 Why it's BIFL: American-made selvedge denim at under $200 is almost unheard of.",price,,,remove stated price or add dated approved source,unsupported_pending_correction
https://everlasting-goods.com/articles/best-buy-it-for-life-denim-jeans,Check current price on Amazon → Budget Pick: Gustin Raw Selvedge The Gustin Raw Selvedge jeans prove you don't need to spend $300+ for legitimate selvedge denim.,price,,,remove stated price or add dated approved source,unsupported_pending_correction
https://everlasting-goods.com/articles/best-buy-it-for-life-denim-jeans,"The denim comes from top mills (Collect Mills in China, Kuroki in Japan, depending on the run), and at 12.5-14.75oz, it's in the sweet spot for durability and comfort.",specification,,,verify against current manufacturer documentation or remove,unsupported_pending_correction
https://everlasting-goods.com/articles/best-buy-it-for-life-denim-jeans,"Fabric: 12.5-14.75oz selvedge (varies by run) Construction: Chain-stitched, selvedge details, quality hardware Made in: San Francisco, USA Fit: Multiple options (slim, straight, skinny) Break-in: Easy — most runs are fairly soft out of the box Price: ~$90-115 Why it's BIFL: Under $100 for American-made selvedge is the best deal in denim.",price,,,remove stated price or add dated approved source,unsupported_pending_correction
https://everlasting-goods.com/articles/best-buy-it-for-life-denim-jeans,"The crowdfunding model means you might wait 2-3 months for your pair, but the quality-to-price ratio is unmatched.",price,,,remove stated price or add dated approved source,unsupported_pending_correction
https://everlasting-goods.com/articles/best-buy-it-for-life-denim-jeans,Check current price on Amazon → Also Great: Two More Worth Your Attention Levi's 501 Shrink-to-Fit (The Classic) The Levi's 501 STF (~$50-60) is the original BIFL jean.,price,,,remove stated price or add dated approved source,unsupported_pending_correction
https://everlasting-goods.com/articles/best-buy-it-for-life-denim-jeans,"But at $50, these are remarkably durable jeans that improve dramatically with wear.",price,,,remove stated price or add dated approved source,unsupported_pending_correction
https://everlasting-goods.com/articles/best-buy-it-for-life-denim-jeans,"For $50, you get a genuinely tough jean with over 150 years of heritage.",price,,,remove stated price or add dated approved source,unsupported_pending_correction
https://everlasting-goods.com/articles/best-buy-it-for-life-denim-jeans,Naked & Famous Weird Guy (The Gateway Drug) The Naked & Famous Weird Guy (~$160-180) is how most people discover quality denim.,price,,,remove stated price or add dated approved source,unsupported_pending_correction
https://everlasting-goods.com/articles/best-buy-it-for-life-denim-jeans,"The 14.5oz raw indigo selvedge is their bread and butter — heavy enough to be durable, interesting enough to be exciting.",specification,,,verify against current manufacturer documentation or remove,unsupported_pending_correction
https://everlasting-goods.com/articles/best-buy-it-for-life-denim-jeans,Here's the quick guide: Under 12oz: Lightweight — comfortable but wears faster 12-16oz: The sweet spot for most people — durable and comfortable 16-21oz: Heavy duty — extremely durable but requires significant break-in 21oz+: Iron Heart territory — basically indestructible Selvedge vs.,specification,,,verify against current manufacturer documentation or remove,unsupported_pending_correction
https://everlasting-goods.com/articles/best-buy-it-for-life-denim-jeans,A denim repair shop can sashiko-stitch it for $30-50 and the repair looks incredible.,price,,,remove stated price or add dated approved source,unsupported_pending_correction
https://everlasting-goods.com/articles/best-buy-it-for-life-denim-jeans,"For the best balance of quality, price, and American manufacturing, the Tellason Stock is our pick.",price,,,remove stated price or add dated approved source,unsupported_pending_correction
https://everlasting-goods.com/articles/best-buy-it-for-life-denim-jeans,"And if you want to try BIFL denim without a big commitment, Levi's 501 STF at $50 is the easiest entry point in existence.",price,,,remove stated price or add dated approved source,unsupported_pending_correction
https://everlasting-goods.com/articles/best-buy-it-for-life-denim-jeans,Heavy-weight options like Iron Heart (21oz) can last even longer.,specification,,,verify against current manufacturer documentation or remove,unsupported_pending_correction
https://everlasting-goods.com/articles/best-buy-it-for-life-denim-jeans,Is selvedge denim worth the price?,price,,,remove stated price or add dated approved source,unsupported_pending_correction
https://everlasting-goods.com/articles/best-buy-it-for-life-denim-jeans,A $200 pair of selvedge jeans that lasts 5 years costs less per year than $50 fast fashion jeans that last 18 months ($40/year vs $33/year).,price,,,remove stated price or add dated approved source,unsupported_pending_correction
https://everlasting-goods.com/articles/best-buy-it-for-life-denim-jeans,The Levi's 501 Shrink-to-Fit at ~$50 is the easiest starting point.,price,,,remove stated price or add dated approved source,unsupported_pending_correction
https://everlasting-goods.com/articles/best-buy-it-for-life-denim-jeans,"If you want to experience selvedge, Gustin's crowdfunded jeans at ~$100 are the cheapest way to get American-made selvedge denim.",price,,,remove stated price or add dated approved source,unsupported_pending_correction
https://everlasting-goods.com/articles/best-buy-it-for-life-denim-jeans,Keep Browsing Full BIFL hub All articles More clothing guides Table of Contents The Fast Fashion Denim Problem Top Pick: Iron Heart 21oz Selvedge (IH-634S) Best Value: Tellason Stock Straight Budget Pick: Gustin Raw Selvedge Also Great: Two More Worth Your Attention Buying Guide: What Makes Jeans BIFL?,specification,,,verify against current manufacturer documentation or remove,unsupported_pending_correction
https://everlasting-goods.com/articles/best-buy-it-for-life-denim-jeans,"April 3, 2026 8 min read Clothing Best Leather Belts That Last a Lifetime We researched full-grain leather belts from Orion, Hanks, and Saddleback to find the ones that genuinely last decades.",warranty,,,verify against current manufacturer documentation or remove,unsupported_pending_correction
https://everlasting-goods.com/articles/best-leather-belts-that-last-a-lifetime,"Best Leather Belts That Last a Lifetime | Everlasting Goods E Everlasting Goods Buy It For Life Articles Start Here Products Categories 🍳 Kitchen 🔦 EDC 🏔️ Outdoor 👢 Clothing 🔧 Tools 🏠 Home About Clothing Best Leather Belts That Last a Lifetime We researched full-grain leather belts from Orion, Hanks, and Saddleback to find the ones that genuinely last decades.",warranty,,,verify against current manufacturer documentation or remove,unsupported_pending_correction
https://everlasting-goods.com/articles/best-leather-belts-that-last-a-lifetime,"Real, full-grain leather — the kind used in the belts below — develops a patina instead of delaminating like bonded material.",specification,,,verify against current manufacturer documentation or remove,unsupported_pending_correction
https://everlasting-goods.com/articles/best-leather-belts-that-last-a-lifetime,Long-term owner reports commonly describe well-made full-grain belts remaining in service for 15 years or more.,specification,,,verify against current manufacturer documentation or remove,unsupported_pending_correction
https://everlasting-goods.com/articles/best-leather-belts-that-last-a-lifetime,"The key factors: leather grade (full-grain or bridle), hardware quality (solid brass > plated zinc), and stitching (or better yet, no stitching at all — single-piece construction).",specification,,,verify against current manufacturer documentation or remove,unsupported_pending_correction
https://everlasting-goods.com/articles/best-leather-belts-that-last-a-lifetime,Top Pick: Orion Leather 40mm Harness Belt The Orion Leather 40mm Harness Belt is made by a one-man operation in the San Fernando Valley.,specification,,,verify against current manufacturer documentation or remove,unsupported_pending_correction
https://everlasting-goods.com/articles/best-leather-belts-that-last-a-lifetime,And the result is a belt that embarrasses $100+ department store options.,price,,,remove stated price or add dated approved source,unsupported_pending_correction
https://everlasting-goods.com/articles/best-leather-belts-that-last-a-lifetime,"The leather is full-grain American steer hide, 8-9oz weight (about 1/8"" thick).",specification,,,verify against current manufacturer documentation or remove,unsupported_pending_correction
https://everlasting-goods.com/articles/best-leather-belts-that-last-a-lifetime,The hardware is solid brass or stainless steel — no cheap plating that flakes off.,specification,,,verify against current manufacturer documentation or remove,unsupported_pending_correction
https://everlasting-goods.com/articles/best-leather-belts-that-last-a-lifetime,"Leather: Full-grain American steer hide, 8-9oz Hardware: Solid brass or stainless steel buckle (your choice) Width: 40mm (1.5"") — fits most dress and casual pants Made in: USA (San Fernando Valley, CA) Break-in: 1-2 weeks, then butter Price: ~$40-50 Why it's BIFL: At $40 for handmade, full-grain, American-made leather with solid brass hardware, this is the single best value in leather goods.",price,,,remove stated price or add dated approved source,unsupported_pending_correction
https://everlasting-goods.com/articles/best-leather-belts-that-last-a-lifetime,"Check current price on Amazon → Premium Pick: Saddleback Leather Old Bull Belt Saddleback Leather's motto is ""They'll fight over it when you're dead."" With the Old Bull Belt , they're not exaggerating.",price,,,remove stated price or add dated approved source,unsupported_pending_correction
https://everlasting-goods.com/articles/best-leather-belts-that-last-a-lifetime,"This belt is cut from a single piece of full-grain boot leather — no layers, no bonding, no stitching needed.",specification,,,verify against current manufacturer documentation or remove,unsupported_pending_correction
https://everlasting-goods.com/articles/best-leather-belts-that-last-a-lifetime,And Saddleback backs it with a 100-year warranty .,warranty,,,verify against current manufacturer documentation or remove,unsupported_pending_correction
https://everlasting-goods.com/articles/best-leather-belts-that-last-a-lifetime,Your great-grandchildren can make a warranty claim.,warranty,,,verify against current manufacturer documentation or remove,unsupported_pending_correction
https://everlasting-goods.com/articles/best-leather-belts-that-last-a-lifetime,"Leather: Full-grain boot leather, 3/16"" to 1/4"" thick Hardware: Solid brass buckle Construction: Single-piece — no stitching, no bonding Made in: Mexico (Saddleback's own facility) Warranty: 100 years Price: ~$85-100 Why it's BIFL: When a company offers a 100-year warranty, they're telling you something.",price,,,remove stated price or add dated approved source,unsupported_pending_correction
https://everlasting-goods.com/articles/best-leather-belts-that-last-a-lifetime,"Check current price on Amazon → Budget Pick: Hanks Everyday Belt The Hanks Everyday Belt hits a sweet spot that's hard to beat: full-grain leather, made in the USA, backed by a 100-year warranty, and priced under $60.",price,,,remove stated price or add dated approved source,unsupported_pending_correction
https://everlasting-goods.com/articles/best-leather-belts-that-last-a-lifetime,"Leather: Full-grain cowhide, thick and stiff Hardware: Nickel-plated steel buckle Construction: Heavy-duty stitching Made in: USA Warranty: 100 years Price: ~$50-60 Why it's BIFL: A gun belt company making everyday belts means over-engineering is the default.",price,,,remove stated price or add dated approved source,unsupported_pending_correction
https://everlasting-goods.com/articles/best-leather-belts-that-last-a-lifetime,The 100-year warranty is real — Hanks honors it without hassle.,warranty,,,verify against current manufacturer documentation or remove,unsupported_pending_correction
https://everlasting-goods.com/articles/best-leather-belts-that-last-a-lifetime,"Best belt under $60, hands down.",price,,,remove stated price or add dated approved source,unsupported_pending_correction
https://everlasting-goods.com/articles/best-leather-belts-that-last-a-lifetime,"Check current price on Amazon → Also Great: Filson and Tanner Goods Filson 1-1/2"" Bridle Leather Belt The Filson Bridle Leather Belt (~$95) uses English bridle leather — vegetable-tanned leather that's been waxed and stuffed with tallow for water resistance.",price,,,remove stated price or add dated approved source,unsupported_pending_correction
https://everlasting-goods.com/articles/best-leather-belts-that-last-a-lifetime,"Beautiful patina development, brass hardware, made in Seattle.",specification,,,verify against current manufacturer documentation or remove,unsupported_pending_correction
https://everlasting-goods.com/articles/best-leather-belts-that-last-a-lifetime,Tanner Goods Standard Belt The Tanner Goods Standard Belt (~$105) is the dressiest option on this list.,price,,,remove stated price or add dated approved source,unsupported_pending_correction
https://everlasting-goods.com/articles/best-leather-belts-that-last-a-lifetime,"Made in Portland from vegetable-tanned English bridle leather, with a cleaner, more refined look than the workwear options above.",specification,,,verify against current manufacturer documentation or remove,unsupported_pending_correction
https://everlasting-goods.com/articles/best-leather-belts-that-last-a-lifetime,"Here's what you need to know: Full-Grain Leather (The Best) The entire hide, with the natural surface intact.",specification,,,verify against current manufacturer documentation or remove,unsupported_pending_correction
https://everlasting-goods.com/articles/best-leather-belts-that-last-a-lifetime,Every belt on this list uses full-grain leather.,specification,,,verify against current manufacturer documentation or remove,unsupported_pending_correction
https://everlasting-goods.com/articles/best-leather-belts-that-last-a-lifetime,A well-aged full-grain belt looks better than a new one.,specification,,,verify against current manufacturer documentation or remove,unsupported_pending_correction
https://everlasting-goods.com/articles/best-leather-belts-that-last-a-lifetime,The Verdict The Orion Leather Harness Belt at $40 is the best value in BIFL leather goods.,price,,,remove stated price or add dated approved source,unsupported_pending_correction
https://everlasting-goods.com/articles/best-leather-belts-that-last-a-lifetime,"If you want the absolute tank, the Saddleback Old Bull with its 100-year warranty is unbeatable.",warranty,,,verify against current manufacturer documentation or remove,unsupported_pending_correction
https://everlasting-goods.com/articles/best-leather-belts-that-last-a-lifetime,A good belt costs $40-100 and lasts 20+ years.,price,,,remove stated price or add dated approved source,unsupported_pending_correction
https://everlasting-goods.com/articles/best-leather-belts-that-last-a-lifetime,A bad belt costs $20 and lasts 6 months.,price,,,remove stated price or add dated approved source,unsupported_pending_correction
https://everlasting-goods.com/articles/best-leather-belts-that-last-a-lifetime,Related Reading Best Buy It For Life Wallets for Men Best Leather Boots That Last 20 Years Best Buy It For Life Denim Jeans Frequently Asked Questions How long does a full-grain leather belt last?,specification,,,verify against current manufacturer documentation or remove,unsupported_pending_correction
https://everlasting-goods.com/articles/best-leather-belts-that-last-a-lifetime,A properly cared-for full-grain leather belt lasts 10-20+ years.,specification,,,verify against current manufacturer documentation or remove,unsupported_pending_correction
https://everlasting-goods.com/articles/best-leather-belts-that-last-a-lifetime,"Many of the brands on this list (Saddleback, Hanks) offer 100-year warranties because their belts are genuinely built to last multiple lifetimes.",warranty,,,verify against current manufacturer documentation or remove,unsupported_pending_correction
https://everlasting-goods.com/articles/best-leather-belts-that-last-a-lifetime,What's the difference between full-grain and genuine leather?,specification,,,verify against current manufacturer documentation or remove,unsupported_pending_correction
https://everlasting-goods.com/articles/best-leather-belts-that-last-a-lifetime,Full-grain leather is the entire hide with the natural surface intact — it's the strongest and most durable grade.,specification,,,verify against current manufacturer documentation or remove,unsupported_pending_correction
https://everlasting-goods.com/articles/best-leather-belts-that-last-a-lifetime,A $40 Orion belt lasts 15+ years ($2.67/year).,price,,,remove stated price or add dated approved source,unsupported_pending_correction
https://everlasting-goods.com/articles/best-leather-belts-that-last-a-lifetime,A $15 department store belt lasts 1-2 years ($7.50-15/year).,price,,,remove stated price or add dated approved source,unsupported_pending_correction
https://everlasting-goods.com/articles/best-leather-belts-that-last-a-lifetime,Keep Browsing Full BIFL hub All articles More clothing guides Table of Contents Why Most Belts Fall Apart in a Year Top Pick: Orion Leather 40mm Harness Belt Premium Pick: Saddleback Leather Old Bull Belt Budget Pick: Hanks Everyday Belt Also Great: Filson and Tanner Goods Buying Guide: Leather Grades Explained Care &amp; Maintenance The Verdict Related Reading Frequently Asked Questions Related Articles Clothing Best Leather Boots That Last 20+ Years Invest in a pair of quality leather boots and you'll never look back.,specification,,,verify against current manufacturer documentation or remove,unsupported_pending_correction
https://everlasting-goods.com/articles/best-bifl-wool-blankets-and-throws,"Why a Good Wool Blanket Is a 50-Year Investment When it comes to finding a cozy companion that truly stands the test of time, there's nothing quite like a high-quality BIFL (Buy It For Life) wool blanket.",warranty,,,verify against current manufacturer documentation or remove,unsupported_pending_correction
https://everlasting-goods.com/articles/best-bifl-wool-blankets-and-throws,"Cheap polyester alternatives might seem appealing at first glance due to their lower price tags, but they often pill after minimal use, lose their insulation over time, and end up discarded as waste in landfills.",price,,,remove stated price or add dated approved source,unsupported_pending_correction
https://everlasting-goods.com/articles/best-bifl-wool-blankets-and-throws,"The price tag might seem steep at around $180-250, but when you factor in how long it will last and the joy it brings every time you wrap yourself up in its warmth, it's really a no-brainer.",price,,,remove stated price or add dated approved source,unsupported_pending_correction
https://everlasting-goods.com/articles/best-bifl-wool-blankets-and-throws,"Material: 100% pure virgin wool Made in: Pendleton, Oregon, USA Care: Machine washable (unique for wool) Sizes: Twin through King Weight: Medium weight — good year-round Why it's BIFL: Made in the USA since 1863.",specification,,,verify against current manufacturer documentation or remove,unsupported_pending_correction
https://everlasting-goods.com/articles/best-bifl-wool-blankets-and-throws,Check current price on Amazon → Premium Pick: Hudson's Bay 4-Point Blanket The Hudson's Bay 4-Point Blanket has been in continuous production since 1780 — making it one of the oldest consumer products still manufactured today.,price,,,remove stated price or add dated approved source,unsupported_pending_correction
https://everlasting-goods.com/articles/best-bifl-wool-blankets-and-throws,"At around $300-400, it might seem steep at first glance, but when you consider its quality, longevity, and sentimental value, it’s hard not to see it as an investment rather than just another purchase.",price,,,remove stated price or add dated approved source,unsupported_pending_correction
https://everlasting-goods.com/articles/best-bifl-wool-blankets-and-throws,Material: 100% pure wool Heritage: In production since 1780 Made in: England Design: Iconic multi-stripe (unchanged for 240+ years) Weight: Heavy — best for cold weather Why it's BIFL: In production since 1780.,specification,,,verify against current manufacturer documentation or remove,unsupported_pending_correction
https://everlasting-goods.com/articles/best-bifl-wool-blankets-and-throws,"Check current price on Amazon → Budget Pick: Faribault Pure & Simple Wool Blanket The Faribault Pure & Simple Wool Blanket is made at the last remaining woolen mill in Minnesota, running since 1865.",price,,,remove stated price or add dated approved source,unsupported_pending_correction
https://everlasting-goods.com/articles/best-bifl-wool-blankets-and-throws,"At about $150-200, it’s on the pricier side for a blanket, but trust me when I say you’re getting what you pay for here.",price,,,remove stated price or add dated approved source,unsupported_pending_correction
https://everlasting-goods.com/articles/best-bifl-wool-blankets-and-throws,"Material: Merino wool blend Made in: Faribault, Minnesota, USA Texture: Softer than most pure wool options Sizes: Throw through King Weight: Medium — good year-round Why it's BIFL: American-made since 1865 at the same Minnesota mill.",specification,,,verify against current manufacturer documentation or remove,unsupported_pending_correction
https://everlasting-goods.com/articles/best-bifl-wool-blankets-and-throws,Excellent quality-to-price ratio.,price,,,remove stated price or add dated approved source,unsupported_pending_correction
https://everlasting-goods.com/articles/best-bifl-wool-blankets-and-throws,"Check current price on Amazon → Buying Guide: What to Look For When it comes to picking out a BIFL (Buy It For Life) wool blanket or throw, you want something that will stand the test of time and keep you cozy for years to come.",price,,,remove stated price or add dated approved source,unsupported_pending_correction
https://everlasting-goods.com/articles/best-bifl-wool-blankets-and-throws,"Lastly, always check the warranty or return policy before making a purchase.",warranty,,,verify against current manufacturer documentation or remove,unsupported_pending_correction
https://everlasting-goods.com/articles/best-bifl-wool-blankets-and-throws,A blanket that comes with a good warranty shows the manufacturer stands behind their product and is confident about its longevity.,warranty,,,verify against current manufacturer documentation or remove,unsupported_pending_correction
https://everlasting-goods.com/articles/best-bifl-wool-blankets-and-throws,"Of course, there are other great options out there like the Brooklinen Cashmere and Wool Blanket, which offers an incredibly soft feel but comes at a higher price point.",price,,,remove stated price or add dated approved source,unsupported_pending_correction
https://everlasting-goods.com/articles/best-bifl-wool-blankets-and-throws,Related Reading Best Cast Iron Skillets That Last Forever Best Buy It For Life Backpacks Best Leather Boots That Last 20 Years Frequently Asked Questions How long does a quality wool blanket last?,specification,,,verify against current manufacturer documentation or remove,unsupported_pending_correction
https://everlasting-goods.com/articles/best-bifl-wool-blankets-and-throws,Are wool blankets worth the price compared to synthetic?,price,,,remove stated price or add dated approved source,unsupported_pending_correction
https://everlasting-goods.com/articles/best-bifl-wool-blankets-and-throws,Keep Browsing Full BIFL hub All articles More home guides Table of Contents Why a Good Wool Blanket Is a 50-Year Investment Top Pick: Pendleton Eco-Wise Wool Blanket Premium Pick: Hudson's Bay 4-Point Blanket Budget Pick: Faribault Pure &amp; Simple Wool Blanket Buying Guide: What to Look For Care &amp; Maintenance The Verdict Related Reading Frequently Asked Questions Related Articles Home Best Thermal Shock Resistant Glass Drink Dispensers That Hold Up Most glass drink dispensers are decorative nonsense.,warranty,,,verify against current manufacturer documentation or remove,unsupported_pending_correction
https://everlasting-goods.com/articles/best-bifl-pocket-knives-for-everyday-carry,"Why a Good Pocket Knife Lasts a Lifetime When it comes to everyday tools that serve us daily, few are as versatile or reliable as a quality pocket knife.",warranty,,,verify against current manufacturer documentation or remove,unsupported_pending_correction
https://everlasting-goods.com/articles/best-bifl-pocket-knives-for-everyday-carry,"Steel: CPM-S30V (premium, holds edge well) Weight: 1.85 oz (ultralight) Blade: 3.24"" drop point Lock: AXIS lock (ambidextrous) Made in: Oregon City, Oregon, USA Warranty: Lifetime + free resharpening (LifeSharp) Why it's BIFL: CPM-S30V steel holds an edge extremely well.",warranty,,,verify against current manufacturer documentation or remove,unsupported_pending_correction
https://everlasting-goods.com/articles/best-bifl-pocket-knives-for-everyday-carry,Check current price on Amazon → Premium Pick: Spyderco Para 3 The Spyderco Para 3 is the compact version of the legendary Paramilitary 2 — one of the most respected EDC knives ever made.,price,,,remove stated price or add dated approved source,unsupported_pending_correction
https://everlasting-goods.com/articles/best-bifl-pocket-knives-for-everyday-carry,The Spyderco Para 3 is one of those knives that you buy once and keep for a lifetime.,warranty,,,verify against current manufacturer documentation or remove,unsupported_pending_correction
https://everlasting-goods.com/articles/best-bifl-pocket-knives-for-everyday-carry,"Steel: S45VN (premium, excellent edge retention) Weight: 3.4 oz Blade: 2.95"" leaf shape Lock: Compression Lock (very strong) Made in: Golden, Colorado, USA Opening: Spyderco hole (one-hand, ambidextrous) Why it's BIFL: S45VN steel is a step above S30V — better edge retention and toughness.",specification,,,verify against current manufacturer documentation or remove,unsupported_pending_correction
https://everlasting-goods.com/articles/best-bifl-pocket-knives-for-everyday-carry,"Made in Golden, Colorado.",specification,,,verify against current manufacturer documentation or remove,unsupported_pending_correction
https://everlasting-goods.com/articles/best-bifl-pocket-knives-for-everyday-carry,Check current price on Amazon → Budget Pick: Victorinox Cadet Alox The Victorinox Cadet Alox is the Swiss Army Knife that fits in your dress pants pocket without anyone knowing it's there.,price,,,remove stated price or add dated approved source,unsupported_pending_correction
https://everlasting-goods.com/articles/best-bifl-pocket-knives-for-everyday-carry,"Plus, the stainless steel tools inside are built to last, offering everything from a blade to scissors and even a screwdriver—all in one compact package that won’t break the bank at around $30-40.",price,,,remove stated price or add dated approved source,unsupported_pending_correction
https://everlasting-goods.com/articles/best-bifl-pocket-knives-for-everyday-carry,"Steel: Victorinox proprietary stainless Weight: 1.5 oz Tools: 9 functions (blade, file, can opener, etc.) Scales: Alox aluminum (tough, slim) Made in: Ibach, Switzerland Warranty: Lifetime Why it's BIFL: Victorinox has made essentially the same knife since 1897.",warranty,,,verify against current manufacturer documentation or remove,unsupported_pending_correction
https://everlasting-goods.com/articles/best-bifl-pocket-knives-for-everyday-carry,Stainless steel tools that resist corrosion.,specification,,,verify against current manufacturer documentation or remove,unsupported_pending_correction
https://everlasting-goods.com/articles/best-bifl-pocket-knives-for-everyday-carry,"Check current price on Amazon → Buying Guide: What to Look For When it comes to choosing the best BIFL (Buy It For Life) pocket knife for everyday carry, you need to consider a few key factors.",price,,,remove stated price or add dated approved source,unsupported_pending_correction
https://everlasting-goods.com/articles/best-bifl-pocket-knives-for-everyday-carry,"Stay away from budget-friendly but low-quality options such as 8Cr13MoV or 440A steel — they might seem appealing due to lower prices, but they're not worth the investment in the long run.",price,,,remove stated price or add dated approved source,unsupported_pending_correction
https://everlasting-goods.com/articles/best-bifl-pocket-knives-for-everyday-carry,"The Spyderco Delica 4 competes on price and weight, while the Kershaw Blur emphasizes assisted opening, but the Bugout offers the best balance of low weight, serviceability, and established support.",price,,,remove stated price or add dated approved source,unsupported_pending_correction
https://everlasting-goods.com/articles/best-bifl-pocket-knives-for-everyday-carry,Related Reading Best Cast Iron Skillets That Last Forever Best Buy It For Life Backpacks Best Leather Boots That Last 20 Years Frequently Asked Questions How often should I sharpen my pocket knife?,specification,,,verify against current manufacturer documentation or remove,unsupported_pending_correction
https://everlasting-goods.com/articles/best-bifl-pocket-knives-for-everyday-carry,Is a $150 pocket knife really worth it over a $30 one?,price,,,remove stated price or add dated approved source,unsupported_pending_correction
https://everlasting-goods.com/articles/best-bifl-pocket-knives-for-everyday-carry,"A $150 pocket knife can be worth it if you need high-quality materials like stainless steel or titanium, superior craftsmanship, and additional features such as a locking mechanism, multiple blades, or specialized tools.",price,,,remove stated price or add dated approved source,unsupported_pending_correction
https://everlasting-goods.com/articles/best-bifl-pocket-knives-for-everyday-carry,"However, for basic cutting needs, a $30 knife might suffice depending on its build quality and durability.",price,,,remove stated price or add dated approved source,unsupported_pending_correction
https://everlasting-goods.com/articles/best-bifl-pocket-knives-for-everyday-carry,Stainless steel and high-carbon steel are preferred due to their durability and resistance to corrosion.,specification,,,verify against current manufacturer documentation or remove,unsupported_pending_correction
https://everlasting-goods.com/articles/best-bifl-pocket-knives-for-everyday-carry,Keep Browsing Full BIFL hub All articles More edc guides Table of Contents Why a Good Pocket Knife Lasts a Lifetime Top Pick: Benchmade Bugout 535 Premium Pick: Spyderco Para 3 Budget Pick: Victorinox Cadet Alox Buying Guide: What to Look For Care &amp; Maintenance The Verdict Related Reading Frequently Asked Questions Related Articles EDC Best Watches to Mark a Major Milestone The best milestone watch is not the flashiest one.,warranty,,,verify against current manufacturer documentation or remove,unsupported_pending_correction
https://everlasting-goods.com/articles/best-bifl-pocket-knives-for-everyday-carry,"September 5, 2024 11 min read EDC Best Mechanical Watches That Last a Lifetime In an era of disposable electronics, a quality mechanical watch is a radical act.",warranty,,,verify against current manufacturer documentation or remove,unsupported_pending_correction
https://everlasting-goods.com/articles/best-merino-wool-base-layers-that-last,"With a price tag hovering around $90-110, it might seem steep upfront, but considering its lifetime guarantee from Smartwool and the fact that it’ll outlast multiple cheaper alternatives, this base layer is truly built to last a lifetime.",price,,,remove stated price or add dated approved source,unsupported_pending_correction
https://everlasting-goods.com/articles/best-merino-wool-base-layers-that-last,"Material: 100% Merino wool (250g/m²) Construction: Core spun (merino around nylon core) Seams: Flatlock (anti-chafe) Fit: Slim, next-to-skin Care: Machine wash, tumble dry low Warranty: Lifetime satisfaction guarantee Why it's BIFL: 250g/m² fabric weight is the sweet spot for 3-season use.",warranty,,,verify against current manufacturer documentation or remove,unsupported_pending_correction
https://everlasting-goods.com/articles/best-merino-wool-base-layers-that-last,Lifetime guarantee from Smartwool.,warranty,,,verify against current manufacturer documentation or remove,unsupported_pending_correction
https://everlasting-goods.com/articles/best-merino-wool-base-layers-that-last,Check current price on Amazon → Premium Pick: Icebreaker 260 Tech The Icebreaker 260 Tech Long Sleeve uses New Zealand merino sourced from ethical farms with full supply chain transparency.,price,,,remove stated price or add dated approved source,unsupported_pending_correction
https://everlasting-goods.com/articles/best-merino-wool-base-layers-that-last,"Whether you're an avid hiker, skier, or simply someone who appreciates a well-made garment that lasts, the Icebreaker 260 Tech Long Sleeve is more than worth its $100-130 price tag.",price,,,remove stated price or add dated approved source,unsupported_pending_correction
https://everlasting-goods.com/articles/best-merino-wool-base-layers-that-last,Check current price on Amazon → Budget Pick: Minus33 Ticonderoga The Minus33 Ticonderoga Lightweight Crew delivers genuine merino performance at nearly half the price of premium brands.,price,,,remove stated price or add dated approved source,unsupported_pending_correction
https://everlasting-goods.com/articles/best-merino-wool-base-layers-that-last,"And while it's priced around $60-75, which might seem steep initially, you'll quickly realize this isn't just another piece of clothing—it's an investment in something that will serve you well through countless adventures without losing its shape or quality.",price,,,remove stated price or add dated approved source,unsupported_pending_correction
https://everlasting-goods.com/articles/best-merino-wool-base-layers-that-last,Material: 100% Merino wool (195g/m²) Fiber: 18.5 micron Australian merino (very soft) Made in: USA (Vermont company since 1916) Fit: Relaxed (roomier than Smartwool) Care: Machine wash Price: ~$60-75 (best value in merino) Why it's BIFL: Made in the USA from Australian merino.,price,,,remove stated price or add dated approved source,unsupported_pending_correction
https://everlasting-goods.com/articles/best-merino-wool-base-layers-that-last,Best price-to-quality ratio in merino base layers.,price,,,remove stated price or add dated approved source,unsupported_pending_correction
https://everlasting-goods.com/articles/best-merino-wool-base-layers-that-last,"Check current price on Amazon → Buying Guide: What to Look For When it comes to choosing the best merino wool base layers that will stand the test of time, there are a few critical factors to consider beyond just comfort and warmth.",price,,,remove stated price or add dated approved source,unsupported_pending_correction
https://everlasting-goods.com/articles/best-merino-wool-base-layers-that-last,"Additionally, check the warranty offered by manufacturers; it often indicates their confidence in the product’s quality and durability.",warranty,,,verify against current manufacturer documentation or remove,unsupported_pending_correction
https://everlasting-goods.com/articles/best-merino-wool-base-layers-that-last,A good warranty can provide peace of mind knowing you're investing in something built to last.,warranty,,,verify against current manufacturer documentation or remove,unsupported_pending_correction
https://everlasting-goods.com/articles/best-merino-wool-base-layers-that-last,Related Reading Best Cast Iron Skillets That Last Forever Best Buy It For Life Backpacks Best Leather Boots That Last 20 Years Frequently Asked Questions How long do merino base layers last?,specification,,,verify against current manufacturer documentation or remove,unsupported_pending_correction
https://everlasting-goods.com/articles/best-merino-wool-base-layers-that-last,"Additionally, the limited supply relative to demand inflates prices.",price,,,remove stated price or add dated approved source,unsupported_pending_correction
https://everlasting-goods.com/articles/best-bifl-garden-tools-that-last-decades,Their lifetime warranty speaks volumes about their confidence in durability.,warranty,,,verify against current manufacturer documentation or remove,unsupported_pending_correction
https://everlasting-goods.com/articles/best-bifl-garden-tools-that-last-decades,"So if you’re someone who takes gardening seriously and wants a reliable, long-lasting tool, this weeder is absolutely worth every penny at $45-60.",price,,,remove stated price or add dated approved source,unsupported_pending_correction
https://everlasting-goods.com/articles/best-bifl-garden-tools-that-last-decades,Tool type: Stand-up weeder Construction: Steel claws with long aluminum/steel shaft Use case: Deep-root weeds without kneeling Best for: Routine yard maintenance Warranty: Lifetime Why it's BIFL: The all-steel claw mechanism is built for repeated leverage instead of one-season use.,warranty,,,verify against current manufacturer documentation or remove,unsupported_pending_correction
https://everlasting-goods.com/articles/best-bifl-garden-tools-that-last-decades,"The long shaft saves your back, the pedal gives you clean extraction, and Fiskars has a strong long-term reputation for durable yard tools backed by a lifetime warranty on many products.",warranty,,,verify against current manufacturer documentation or remove,unsupported_pending_correction
https://everlasting-goods.com/articles/best-bifl-garden-tools-that-last-decades,Check current price on Amazon → Best Shovel: Radius Garden PRO Ergonomic Stainless Shovel The Radius Garden PRO Ergonomic Stainless Shovel is what you buy when you want one digging tool to outlast your lower back and half the hardware-store aisle.,price,,,remove stated price or add dated approved source,unsupported_pending_correction
https://everlasting-goods.com/articles/best-bifl-garden-tools-that-last-decades,"What really sets this shovel apart is the stainless steel blade; it's designed to resist rust, which means no more worrying about your tool degrading over time from exposure to the elements.",specification,,,verify against current manufacturer documentation or remove,unsupported_pending_correction
https://everlasting-goods.com/articles/best-bifl-garden-tools-that-last-decades,"Plus, the resin-encased carbon steel shaft is built like a tank – it can handle serious abuse and still look almost brand new after years of use.",testing_experience,,,remove or rewrite from cited evidence,unsupported_pending_correction
https://everlasting-goods.com/articles/best-bifl-garden-tools-that-last-decades,"At around $60-90, it's not cheap, but trust me, it’s built to last a lifetime with proper care.",price,,,remove stated price or add dated approved source,unsupported_pending_correction
https://everlasting-goods.com/articles/best-bifl-garden-tools-that-last-decades,"Blade: Stainless steel Shaft: Resin-encased carbon steel Handle: Ergonomic O-handle Best for: Digging, edging, transplanting Warranty: Limited lifetime Why it's BIFL: The stainless blade resists rust, the resin-encased carbon steel shaft is built for abuse, and the ergonomic O-handle reduces strain under load.",warranty,,,verify against current manufacturer documentation or remove,unsupported_pending_correction
https://everlasting-goods.com/articles/best-bifl-garden-tools-that-last-decades,"Check current price on Amazon → Best Pruners: Felco F-2 Classic Manual Hand Pruner The Felco F-2 Classic Manual Hand Pruner is the boring professional answer, which is exactly why it keeps showing up in serious gardeners' hands.",price,,,remove stated price or add dated approved source,unsupported_pending_correction
https://everlasting-goods.com/articles/best-bifl-garden-tools-that-last-decades,"Plus, it's not going to break the bank at around $50-$75; considering its longevity and performance, it’s a steal compared to buying multiple low-quality alternatives over the years.",price,,,remove stated price or add dated approved source,unsupported_pending_correction
https://everlasting-goods.com/articles/best-bifl-garden-tools-that-last-decades,"Blade: Hardened steel Handle: Forged aluminum Repairability: Replaceable parts widely available Best for: Precision trimming and pruning Made in: Switzerland Why it's BIFL: Felco pruners are famous because the parts are replaceable, the steel is excellent, the cutters stay serviceable for years, and the design is proven.",specification,,,verify against current manufacturer documentation or remove,unsupported_pending_correction
https://everlasting-goods.com/articles/best-bifl-garden-tools-that-last-decades,"Check current price on Amazon → Buying Guide: What to Look For When it comes to buying BIFL (Buy It For Life) garden tools that are built to last for decades, you need to pay close attention to certain key features.",price,,,remove stated price or add dated approved source,unsupported_pending_correction
https://everlasting-goods.com/articles/best-bifl-garden-tools-that-last-decades,"Additionally, think about where you live; if rust is an issue in your area, go for tools made from stainless steel or those with a high-quality protective coating that guards against corrosion.",specification,,,verify against current manufacturer documentation or remove,unsupported_pending_correction
https://everlasting-goods.com/articles/best-bifl-garden-tools-that-last-decades,Related Reading Best Cast Iron Skillets That Last Forever Best Buy It For Life Backpacks Best Leather Boots That Last 20 Years Frequently Asked Questions What makes garden tools buy-it-for-life?,specification,,,verify against current manufacturer documentation or remove,unsupported_pending_correction
https://everlasting-goods.com/articles/best-bifl-garden-tools-that-last-decades,Keep Browsing Full BIFL hub All articles More tools guides Table of Contents Why Some Garden Tools Last for Decades Top Pick: Fiskars 4-Claw Weeder Best Shovel: Radius Garden PRO Ergonomic Stainless Shovel Best Pruners: Felco F-2 Classic Manual Hand Pruner Buying Guide: What to Look For Care &amp; Maintenance The Verdict Related Reading Frequently Asked Questions Related Articles Tools Best Estwing Hammers That Last a Lifetime Estwing keeps showing up in real-world longevity threads because one-piece steel hammers are brutally hard to kill.,warranty,,,verify against current manufacturer documentation or remove,unsupported_pending_correction
https://everlasting-goods.com/articles/best-darn-tough-socks-the-only-socks-with-a-lifetime-guarantee,"Best Darn Tough Socks: The Only Socks With a Lifetime Guarantee | Everlasting Goods E Everlasting Goods Buy It For Life Articles Start Here Products Categories 🍳 Kitchen 🔦 EDC 🏔️ Outdoor 👢 Clothing 🔧 Tools 🏠 Home About Clothing Best Darn Tough Socks: The Only Socks With a Lifetime Guarantee When it comes to choosing the right socks for your feet, especially if you're someone who spends a lot of time on them, be it hiking, running, or simply...",warranty,,,verify against current manufacturer documentation or remove,unsupported_pending_correction
https://everlasting-goods.com/articles/best-darn-tough-socks-the-only-socks-with-a-lifetime-guarantee,Darn Tough's published guarantee and Vermont manufacturing are the core of the value proposition.,warranty,,,verify against current manufacturer documentation or remove,unsupported_pending_correction
https://everlasting-goods.com/articles/best-darn-tough-socks-the-only-socks-with-a-lifetime-guarantee,"Exact replacement eligibility depends on the company's current guarantee terms, so buyers should verify those terms directly.",warranty,,,verify against current manufacturer documentation or remove,unsupported_pending_correction
https://everlasting-goods.com/articles/best-darn-tough-socks-the-only-socks-with-a-lifetime-guarantee,Best for Everyday Wear: Darn Tough Men's Micro Crew Cushion The Darn Tough Men's Merino Wool Micro Crew Cushion Socks is the go-to everyday sock that's converted thousands of people from disposable cotton to lifetime Merino.,warranty,,,verify against current manufacturer documentation or remove,unsupported_pending_correction
https://everlasting-goods.com/articles/best-darn-tough-socks-the-only-socks-with-a-lifetime-guarantee,"The main reasons to consider this model are its dense knit, cushioned sole, Merino blend, and Darn Tough's published guarantee.",warranty,,,verify against current manufacturer documentation or remove,unsupported_pending_correction
https://everlasting-goods.com/articles/best-darn-tough-socks-the-only-socks-with-a-lifetime-guarantee,The higher purchase price makes sense only if those construction and support advantages matter to you.,price,,,remove stated price or add dated approved source,unsupported_pending_correction
https://everlasting-goods.com/articles/best-darn-tough-socks-the-only-socks-with-a-lifetime-guarantee,"Material: 66% Merino Wool, 33% Nylon, 1% Lycra Spandex Cushioning: Full Cushion Height: Micro Crew (above ankle) Made in: Northfield, Vermont, USA Warranty: Unconditional Lifetime Guarantee Sizes: S/M/L/XL (men's) Why it's BIFL: Fine-gauge Merino construction, a cushioned sole, reinforcing synthetics, and a published lifetime guarantee create a stronger long-term ownership case than ordinary cotton socks.",warranty,,,verify against current manufacturer documentation or remove,unsupported_pending_correction
https://everlasting-goods.com/articles/best-darn-tough-socks-the-only-socks-with-a-lifetime-guarantee,Verify the current guarantee terms before buying.,warranty,,,verify against current manufacturer documentation or remove,unsupported_pending_correction
https://everlasting-goods.com/articles/best-darn-tough-socks-the-only-socks-with-a-lifetime-guarantee,"Check current price on Amazon → Best Women's Hiking Sock: Darn Tough Women's Hiker Micro Crew The Darn Tough Women's Hiker Micro Crew Cushion Socks delivers the same Vermont-made durability shaped to fit a woman's foot — narrower heel, precise fit.",price,,,remove stated price or add dated approved source,unsupported_pending_correction
https://everlasting-goods.com/articles/best-darn-tough-socks-the-only-socks-with-a-lifetime-guarantee,"Fit remains personal, and buyers should verify the current size chart and guarantee terms rather than treating any sock as indestructible.",warranty,,,verify against current manufacturer documentation or remove,unsupported_pending_correction
https://everlasting-goods.com/articles/best-darn-tough-socks-the-only-socks-with-a-lifetime-guarantee,"Material: 65% Merino Wool, 33% Nylon, 2% Lycra Spandex Cushioning: Light Cushion Height: Micro Crew Made in: Northfield, Vermont, USA Warranty: Unconditional Lifetime Guarantee Best for: Day hiking, trail running, everyday outdoor wear Why it's BIFL: Women's-specific construction with a narrower heel cup eliminates bunching.",warranty,,,verify against current manufacturer documentation or remove,unsupported_pending_correction
https://everlasting-goods.com/articles/best-darn-tough-socks-the-only-socks-with-a-lifetime-guarantee,Every pair is backed by the same unconditional lifetime guarantee.,warranty,,,verify against current manufacturer documentation or remove,unsupported_pending_correction
https://everlasting-goods.com/articles/best-darn-tough-socks-the-only-socks-with-a-lifetime-guarantee,Check current price on Amazon → Best for Hiking Boots: Darn Tough Hiker Boot Midweight The Darn Tough Men's Hiker Boot Midweight Cushion is the sock serious hikers reach for when a 20-mile day demands real cushioning and zero blisters.,price,,,remove stated price or add dated approved source,unsupported_pending_correction
https://everlasting-goods.com/articles/best-darn-tough-socks-the-only-socks-with-a-lifetime-guarantee,"Material: 63% Merino Wool, 35% Nylon, 2% Lycra Spandex Cushioning: Midweight Cushion (full foot) Height: Boot (over ankle) Made in: Northfield, Vermont, USA Warranty: Unconditional Lifetime Guarantee Best for: Backpacking, work boots, cold weather hiking Why it's BIFL: Boot height protects the ankle from leather rubbing.",warranty,,,verify against current manufacturer documentation or remove,unsupported_pending_correction
https://everlasting-goods.com/articles/best-darn-tough-socks-the-only-socks-with-a-lifetime-guarantee,Check current price on Amazon → Best Running/Athletic Sock: Darn Tough No Show Tab Ultra-Light The Darn Tough Men's No Show Tab Ultra-Light is proof that Darn Tough's BIFL philosophy scales all the way down to a featherweight running sock.,price,,,remove stated price or add dated approved source,unsupported_pending_correction
https://everlasting-goods.com/articles/best-darn-tough-socks-the-only-socks-with-a-lifetime-guarantee,"Material: 67% Merino Wool, 31% Nylon, 2% Lycra Spandex Cushioning: Ultra-Light (minimal) Height: No Show with tab Made in: Northfield, Vermont, USA Warranty: Unconditional Lifetime Guarantee Best for: Running, road cycling, low-profile athletic shoes Why it's BIFL: Ultra-Light fabric sits close to the skin with zero bunching — critical for preventing blisters at high mileage.",warranty,,,verify against current manufacturer documentation or remove,unsupported_pending_correction
https://everlasting-goods.com/articles/best-darn-tough-socks-the-only-socks-with-a-lifetime-guarantee,Still covered by the unconditional lifetime guarantee even at this ultralight weight.,warranty,,,verify against current manufacturer documentation or remove,unsupported_pending_correction
https://everlasting-goods.com/articles/best-darn-tough-socks-the-only-socks-with-a-lifetime-guarantee,Check current price on Amazon → Buying Guide: What to Look For Care & Maintenance The Verdict Related Reading Best Cast Iron Skillets That Last Forever Best Buy It For Life Backpacks Best Leather Boots That Last 20 Years Frequently Asked Questions How does the Darn Tough lifetime guarantee work?,price,,,remove stated price or add dated approved source,unsupported_pending_correction
https://everlasting-goods.com/articles/best-darn-tough-socks-the-only-socks-with-a-lifetime-guarantee,Are Darn Tough socks actually worth $25?,price,,,remove stated price or add dated approved source,unsupported_pending_correction
https://everlasting-goods.com/articles/best-darn-tough-socks-the-only-socks-with-a-lifetime-guarantee,How do I care for my Darn Tough socks to ensure they last a lifetime?,warranty,,,verify against current manufacturer documentation or remove,unsupported_pending_correction
https://everlasting-goods.com/articles/best-darn-tough-socks-the-only-socks-with-a-lifetime-guarantee,Do Darn Tough offer any warranty or guarantee on their products?,warranty,,,verify against current manufacturer documentation or remove,unsupported_pending_correction
https://everlasting-goods.com/articles/best-darn-tough-socks-the-only-socks-with-a-lifetime-guarantee,"Yes, they provide a lifetime guarantee against defects in materials and workmanship.",warranty,,,verify against current manufacturer documentation or remove,unsupported_pending_correction
https://everlasting-goods.com/articles/best-buy-it-for-life-umbrellas,The real kicker though is Davek’s unconditional replacement guarantee.,warranty,,,verify against current manufacturer documentation or remove,unsupported_pending_correction
https://everlasting-goods.com/articles/best-buy-it-for-life-umbrellas,"At around $115 to $140, it might seem steep compared to your typical umbrella, but when you consider how often you'd be replacing cheaper versions and dealing with their limitations, this one quickly pays for itself in peace of mind and durability alone.",price,,,remove stated price or add dated approved source,unsupported_pending_correction
https://everlasting-goods.com/articles/best-buy-it-for-life-umbrellas,"Type: Compact city umbrella Frame: Fiberglass ribs with steel shaft Arc: 43 inches Closed length: 11.5 inches Warranty: Unconditional lifetime guarantee Why it's BIFL: Aircraft-grade fiberglass ribs, steel shaft, dense woven canopy, and Davek's famous unconditional replacement guarantee make it the standard answer for a long-lasting travel umbrella.",warranty,,,verify against current manufacturer documentation or remove,unsupported_pending_correction
https://everlasting-goods.com/articles/best-buy-it-for-life-umbrellas,Check current price on Amazon → Value Pick: Repel Windproof Travel Umbrella The Repel Windproof Travel Umbrella is the rare cheap umbrella that is actually engineered like somebody expected wind to exist.,price,,,remove stated price or add dated approved source,unsupported_pending_correction
https://everlasting-goods.com/articles/best-buy-it-for-life-umbrellas,"Consider it a durable budget pick backed by specifications and owner reports, not an indestructible lifetime purchase.",warranty,,,verify against current manufacturer documentation or remove,unsupported_pending_correction
https://everlasting-goods.com/articles/best-buy-it-for-life-umbrellas,"Type: Compact auto open-close Frame: 9 fiberglass reinforced ribs Canopy: Teflon-coated Closed length: 11.5 inches Wind rating: Up to 60 mph marketing claim Why it's BIFL: Nine-rib fiberglass frame, Teflon-coated canopy, automatic open-close, and a track record of surviving commuter abuse make it a credible budget pick.",specification,,,verify against current manufacturer documentation or remove,unsupported_pending_correction
https://everlasting-goods.com/articles/best-buy-it-for-life-umbrellas,Check current price on Amazon → Best for Wind: GustBuster Metro The GustBuster Metro 43-Inch Umbrella is the commuter umbrella built for places where cheap umbrellas turn inside out before you reach the parking lot.,price,,,remove stated price or add dated approved source,unsupported_pending_correction
https://everlasting-goods.com/articles/best-buy-it-for-life-umbrellas,The GustBuster Metro 43-Inch Umbrella is one of those rare finds that you can almost guarantee will be in your life for years to come.,warranty,,,verify against current manufacturer documentation or remove,unsupported_pending_correction
https://everlasting-goods.com/articles/best-buy-it-for-life-umbrellas,"It’s a bit pricier than your typical umbrella at around $40-$55, but when you consider how much it outlasts other options on the market, it's actually quite affordable in the long run.",price,,,remove stated price or add dated approved source,unsupported_pending_correction
https://everlasting-goods.com/articles/best-buy-it-for-life-umbrellas,"Type: Vented travel umbrella Canopy: Double canopy Arc: 43 inches Frame: Fiberglass Warranty: Limited lifetime Why it's BIFL: Patented double-canopy venting, fiberglass shaft, and proven wind resistance make it far more durable than pharmacy umbrellas and easier to repair than fancy fashion pieces.",warranty,,,verify against current manufacturer documentation or remove,unsupported_pending_correction
https://everlasting-goods.com/articles/best-buy-it-for-life-umbrellas,"Check current price on Amazon → Buying Guide: What to Look For When you're on the hunt for an umbrella that's built to last a lifetime, you need to look past the flashy designs and focus on durability.",price,,,remove stated price or add dated approved source,unsupported_pending_correction
https://everlasting-goods.com/articles/best-buy-it-for-life-umbrellas,Look out for frame construction as well—stainless steel or aluminum frames offer the best blend of strength and weight.,specification,,,verify against current manufacturer documentation or remove,unsupported_pending_correction
https://everlasting-goods.com/articles/best-buy-it-for-life-umbrellas,"Also, don't skimp on warranty coverage—look for products that offer at least one year of protection against defects and damage from normal use.",warranty,,,verify against current manufacturer documentation or remove,unsupported_pending_correction
https://everlasting-goods.com/articles/best-buy-it-for-life-umbrellas,"The Verdict The Davek Solo Umbrella is hands down my go-to recommendation for anyone looking for an umbrella that won't just last a lifetime, but will also make you look good while braving the rain.",warranty,,,verify against current manufacturer documentation or remove,unsupported_pending_correction
https://everlasting-goods.com/articles/best-buy-it-for-life-umbrellas,Related Reading Best Cast Iron Skillets That Last Forever Best Buy It For Life Backpacks Best Leather Boots That Last 20 Years Frequently Asked Questions What makes umbrellas buy-it-for-life?,specification,,,verify against current manufacturer documentation or remove,unsupported_pending_correction
https://everlasting-goods.com/articles/best-buy-it-for-life-umbrellas,"September 5, 2024 11 min read EDC Best Mechanical Watches That Last a Lifetime In an era of disposable electronics, a quality mechanical watch is a radical act.",warranty,,,verify against current manufacturer documentation or remove,unsupported_pending_correction
https://everlasting-goods.com/articles/best-unsexy-quality-of-life-upgrades-that-are-worth-every-penny,Related Reading Best Stand Mixers That Last 20+ Years Best Stainless Steel Water Bottles That Last Forever Best Faucet Brands That Actually Last Frequently Asked Questions What is the best unsexy home upgrade for most people?,specification,,,verify against current manufacturer documentation or remove,unsupported_pending_correction
https://everlasting-goods.com/articles/best-milestone-watches-for-life-events,We already have a broader guide to mechanical watches that last a lifetime .,warranty,,,verify against current manufacturer documentation or remove,unsupported_pending_correction
https://everlasting-goods.com/articles/best-milestone-watches-for-life-events,A Longines Spirit 37 hits the sweet spot between luxury and restraint better than most brands at the price.,price,,,remove stated price or add dated approved source,unsupported_pending_correction
https://everlasting-goods.com/articles/best-milestone-watches-for-life-events,Related Reading Best Mechanical Watches That Last a Lifetime Best EDC Flashlights That Last Forever Best Buy It For Life Everyday Carry Pens Frequently Asked Questions What makes a watch good for a milestone purchase?,warranty,,,verify against current manufacturer documentation or remove,unsupported_pending_correction
https://everlasting-goods.com/articles/best-milestone-watches-for-life-events,"A great milestone watch can be a $300 G-Shock or a $6,000 Omega.",price,,,remove stated price or add dated approved source,unsupported_pending_correction
https://everlasting-goods.com/articles/best-milestone-watches-for-life-events,"September 5, 2024 11 min read EDC Best Mechanical Watches That Last a Lifetime In an era of disposable electronics, a quality mechanical watch is a radical act.",warranty,,,verify against current manufacturer documentation or remove,unsupported_pending_correction
https://everlasting-goods.com/articles/best-office-chairs-that-actually-last,Best Office Chairs That Actually Last | Everlasting Goods E Everlasting Goods Buy It For Life Articles Start Here Products Categories 🍳 Kitchen 🔦 EDC 🏔️ Outdoor 👢 Clothing 🔧 Tools 🏠 Home About Home Best Office Chairs That Actually Last A good office chair is one of the highest-return purchases you can make because your back will use it far more than your wallet will remember the price.,price,,,remove stated price or add dated approved source,unsupported_pending_correction
https://everlasting-goods.com/articles/best-vacuum-cleaners-that-last-20-years,"If you're looking to spend money on something that will last a lifetime and perform like a dream, the Miele Complete C3 Calima is absolutely worth considering.",warranty,,,verify against current manufacturer documentation or remove,unsupported_pending_correction
https://everlasting-goods.com/articles/best-vacuum-cleaners-that-last-20-years,"That kind of heritage and craftsmanship doesn't come cheap, but when you factor in the cost over its lifetime compared to less reliable models, it’s hard not to see Miele as a worthwhile investment for those who value reliability and performance.",warranty,,,verify against current manufacturer documentation or remove,unsupported_pending_correction
https://everlasting-goods.com/articles/best-vacuum-cleaners-that-last-20-years,"Motor: Miele Vortex, 1200W, rated 20+ years Filtration: Sealed HEPA (hospital-grade) Construction: Metal telescoping wand, reinforced canister Made in: Germany Cord: 33ft retractable (no battery to die) Warranty: 7 years motor, 1 year full Why it's BIFL: Miele Vortex Motor rated for 20 years of average use.",rating_score,,,remove unsupported evaluation number,unsupported_pending_correction
https://everlasting-goods.com/articles/best-vacuum-cleaners-that-last-20-years,Check current price on Amazon → Premium Pick: Sebo Automatic X7 The Sebo Automatic X7 is what hotels and commercial cleaners use when they need a vacuum that survives thousands of hours.,price,,,remove stated price or add dated approved source,unsupported_pending_correction
https://everlasting-goods.com/articles/best-vacuum-cleaners-that-last-20-years,"For around $800 to $950, you’re not just buying a vacuum cleaner; you're getting a durable piece of equipment that could very well outlive most other household appliances.",price,,,remove stated price or add dated approved source,unsupported_pending_correction
https://everlasting-goods.com/articles/best-vacuum-cleaners-that-last-20-years,Motor: 1300W commercial-grade Filtration: S-Class (better than HEPA) Height Adjust: Automatic (senses floor type) Made in: Germany Type: Upright Warranty: 5 years Why it's BIFL: Hospital-grade filtration.,warranty,,,verify against current manufacturer documentation or remove,unsupported_pending_correction
https://everlasting-goods.com/articles/best-vacuum-cleaners-that-last-20-years,Check current price on Amazon → Budget Pick: Riccar Brilliance Premium The Riccar Brilliance Premium R30P is the American-assembled vacuum that vacuum repair technicians recommend more than any other brand.,price,,,remove stated price or add dated approved source,unsupported_pending_correction
https://everlasting-goods.com/articles/best-vacuum-cleaners-that-last-20-years,The Riccar Brilliance Premium R30P is one of those rare finds in home appliances that you can genuinely say is built to last a lifetime.,warranty,,,verify against current manufacturer documentation or remove,unsupported_pending_correction
https://everlasting-goods.com/articles/best-vacuum-cleaners-that-last-20-years,"James, Missouri, USA Type: Upright Warranty: 6 years Why it's BIFL: Assembled in St.",warranty,,,verify against current manufacturer documentation or remove,unsupported_pending_correction
https://everlasting-goods.com/articles/best-vacuum-cleaners-that-last-20-years,"Check current price on Amazon → Buying Guide: What to Look For When you're on the hunt for a vacuum cleaner that's built to last for two decades or more, it’s crucial to focus on durability and quality construction.",price,,,remove stated price or add dated approved source,unsupported_pending_correction
https://everlasting-goods.com/articles/best-vacuum-cleaners-that-last-20-years,Related Reading Best Cast Iron Skillets That Last Forever Best Buy It For Life Backpacks Best Leather Boots That Last 20 Years Frequently Asked Questions How long should a good vacuum cleaner last?,specification,,,verify against current manufacturer documentation or remove,unsupported_pending_correction
https://everlasting-goods.com/articles/best-buy-it-for-life-coffee-grinders,Best Buy It For Life Coffee Grinders | Everlasting Goods E Everlasting Goods Buy It For Life Articles Start Here Products Categories 🍳 Kitchen 🔦 EDC 🏔️ Outdoor 👢 Clothing 🔧 Tools 🏠 Home About Kitchen Best Buy It For Life Coffee Grinders A great coffee grinder can last decades — or a lifetime.,warranty,,,verify against current manufacturer documentation or remove,unsupported_pending_correction
https://everlasting-goods.com/articles/best-buy-it-for-life-coffee-grinders,Top Pick: Baratza Encore (~$170) The Baratza Encore is your go-to if you're new to coffee grinding.,price,,,remove stated price or add dated approved source,unsupported_pending_correction
https://everlasting-goods.com/articles/best-buy-it-for-life-coffee-grinders,Step Up: Fellow Ode Gen 2 (~$350) The Fellow Ode Gen 2 is a game changer for pour-over enthusiasts.,price,,,remove stated price or add dated approved source,unsupported_pending_correction
https://everlasting-goods.com/articles/best-buy-it-for-life-coffee-grinders,Its flat burrs offer unparalleled precision and a grind quality that rivals grinders twice the price.,price,,,remove stated price or add dated approved source,unsupported_pending_correction
https://everlasting-goods.com/articles/best-buy-it-for-life-coffee-grinders,Heirloom Pick: Comandante C40 MK4 (~$230) The Comandante C40 MK4 is the ultimate hand grinder.,price,,,remove stated price or add dated approved source,unsupported_pending_correction
https://everlasting-goods.com/articles/best-buy-it-for-life-coffee-grinders,Budget Solid: Zassenhaus Hand Grinder (~$80) The Zassenhaus hand grinder has been made in Germany since 1867.,price,,,remove stated price or add dated approved source,unsupported_pending_correction
https://everlasting-goods.com/articles/best-buy-it-for-life-coffee-grinders,"They publish repair guides, sell parts at fair prices, and even run a refurbishment program.",price,,,remove stated price or add dated approved source,unsupported_pending_correction
https://everlasting-goods.com/articles/best-buy-it-for-life-coffee-grinders,You order a $30 motor and keep going.,price,,,remove stated price or add dated approved source,unsupported_pending_correction
https://everlasting-goods.com/articles/best-buy-it-for-life-coffee-grinders,"Pair it with a Dutch oven that lasts forever and kitchen knives built for a lifetime , and your kitchen becomes genuinely irreplaceable.",warranty,,,verify against current manufacturer documentation or remove,unsupported_pending_correction
https://everlasting-goods.com/articles/best-buy-it-for-life-coffee-grinders,"April 9, 2026 12 min read Kitchen Best Cast Iron Skillets That Last Forever A well-seasoned cast iron skillet is the ultimate buy-it-for-life kitchen essential.",specification,,,verify against current manufacturer documentation or remove,unsupported_pending_correction
https://everlasting-goods.com/articles/best-buy-it-for-life-coffee-grinders,"November 15, 2024 12 min read Kitchen Best Kitchen Knives That Last a Lifetime A great chef's knife is the most important tool in your kitchen.",warranty,,,verify against current manufacturer documentation or remove,unsupported_pending_correction
https://everlasting-goods.com/articles/best-dive-watches-that-last-a-lifetime,Best Dive Watches That Last a Lifetime | Everlasting Goods E Everlasting Goods Buy It For Life Articles Start Here Products Categories 🍳 Kitchen 🔦 EDC 🏔️ Outdoor 👢 Clothing 🔧 Tools 🏠 Home About EDC Best Dive Watches That Last a Lifetime Dive watches are the most overbuilt timepieces ever made.,warranty,,,verify against current manufacturer documentation or remove,unsupported_pending_correction
https://everlasting-goods.com/articles/best-dive-watches-that-last-a-lifetime,Top Pick: Seiko SKX007 / SKX013 The Seiko SKX007 (44mm) and Seiko SKX013 (38mm) are the legendary affordable dive watches with a cult following that borders on religious.,specification,,,verify against current manufacturer documentation or remove,unsupported_pending_correction
https://everlasting-goods.com/articles/best-dive-watches-that-last-a-lifetime,"The SKX is discontinued but widely available used at $200-$300, and spare parts are plentiful.",price,,,remove stated price or add dated approved source,unsupported_pending_correction
https://everlasting-goods.com/articles/best-dive-watches-that-last-a-lifetime,"Water resistance: 200m ISO certified Movement: Seiko 7S36 automatic — decades of proven reliability Serviceability: Any qualified watchmaker can service this movement indefinitely Community: Massive mod community if you ever want to personalize it Best New Budget: Orient Mako III / Ray III If you want something new rather than used, the Orient Mako III and Orient Ray III offer incredible value at $150-$200.",price,,,remove stated price or add dated approved source,unsupported_pending_correction
https://everlasting-goods.com/articles/best-dive-watches-that-last-a-lifetime,"Stainless steel case, lumened indices for night legibility, and 200m water resistance.",specification,,,verify against current manufacturer documentation or remove,unsupported_pending_correction
https://everlasting-goods.com/articles/best-dive-watches-that-last-a-lifetime,Around $250 new and routinely discounted.,price,,,remove stated price or add dated approved source,unsupported_pending_correction
https://everlasting-goods.com/articles/best-dive-watches-that-last-a-lifetime,"At around $400-$500, it punches well above its price point and will run for decades with a proper 10-year service interval.",price,,,remove stated price or add dated approved source,unsupported_pending_correction
https://everlasting-goods.com/articles/best-dive-watches-that-last-a-lifetime,"Oystersteel case, Cerachrom bezel insert, COSC-certified movement.",specification,,,verify against current manufacturer documentation or remove,unsupported_pending_correction
https://everlasting-goods.com/articles/best-dive-watches-that-last-a-lifetime,Lug width: 20mm or 22mm are standard — makes aftermarket strap options plentiful.,specification,,,verify against current manufacturer documentation or remove,unsupported_pending_correction
https://everlasting-goods.com/articles/best-dive-watches-that-last-a-lifetime,A well-made dive watch with proper 10-year service intervals will last essentially forever.,warranty,,,verify against current manufacturer documentation or remove,unsupported_pending_correction
https://everlasting-goods.com/articles/best-dive-watches-that-last-a-lifetime,"For more on building a lifelong watch collection, see our guide to mechanical watches that last a lifetime .",warranty,,,verify against current manufacturer documentation or remove,unsupported_pending_correction
https://everlasting-goods.com/articles/best-dive-watches-that-last-a-lifetime,"September 5, 2024 11 min read EDC Best Mechanical Watches That Last a Lifetime In an era of disposable electronics, a quality mechanical watch is a radical act.",warranty,,,verify against current manufacturer documentation or remove,unsupported_pending_correction
https://everlasting-goods.com/articles/best-bifl-food-storage-containers,"There's also a poetic data point: the Tupperware from the 1960s and 70s, made in America from thicker, more durable plastic, is still showing up at estate sales in perfect condition.",specification,,,verify against current manufacturer documentation or remove,unsupported_pending_correction
https://everlasting-goods.com/articles/best-bifl-food-storage-containers,The stuff made in the last 15 years doesn't have that track record.,specification,,,verify against current manufacturer documentation or remove,unsupported_pending_correction
https://everlasting-goods.com/articles/best-bifl-food-storage-containers,"Oven safe: Up to 425°F — reheat directly without dirtying a pan Dishwasher safe: Top or bottom rack, every time Chip resistant: Borosilicate-style construction handles thermal changes without cracking Price: Sets run $30-$50 — exceptional value for something that lasts indefinitely Best Glass Alternative: Anchor Hocking The Anchor Hocking glass containers are heavier and thicker than Pyrex — which makes them more durable against drops and more resistant to thermal shock.",price,,,remove stated price or add dated approved source,unsupported_pending_correction
https://everlasting-goods.com/articles/best-bifl-food-storage-containers,"These are 18/8 stainless steel with tight-fitting lids, dishwasher safe, and genuinely indestructible under normal use.",specification,,,verify against current manufacturer documentation or remove,unsupported_pending_correction
https://everlasting-goods.com/articles/best-bifl-food-storage-containers,Still Worth It: Vintage Tupperware from the 1960s-80s Old Tupperware — made in the USA during the '60s through early '80s — is genuinely different from modern Tupperware.,specification,,,verify against current manufacturer documentation or remove,unsupported_pending_correction
https://everlasting-goods.com/articles/best-bifl-food-storage-containers,"They seal better, last longer, and are more resistant to warping than anything sold today at retail price.",price,,,remove stated price or add dated approved source,unsupported_pending_correction
https://everlasting-goods.com/articles/best-bifl-food-storage-containers,The false economy of cheap food storage is real: you'll replace a $5 container set four times in the same span that a $40 Pyrex set runs without issue.,price,,,remove stated price or add dated approved source,unsupported_pending_correction
https://everlasting-goods.com/articles/best-bifl-food-storage-containers,"Pair them with a cast iron skillet that lasts forever and a Dutch oven built for generations , and your kitchen becomes genuinely built to last.",specification,,,verify against current manufacturer documentation or remove,unsupported_pending_correction
https://everlasting-goods.com/articles/best-bifl-food-storage-containers,"April 9, 2026 12 min read Kitchen Best Cast Iron Skillets That Last Forever A well-seasoned cast iron skillet is the ultimate buy-it-for-life kitchen essential.",specification,,,verify against current manufacturer documentation or remove,unsupported_pending_correction
https://everlasting-goods.com/articles/best-bifl-food-storage-containers,"November 15, 2024 12 min read Kitchen Best Kitchen Knives That Last a Lifetime A great chef's knife is the most important tool in your kitchen.",warranty,,,verify against current manufacturer documentation or remove,unsupported_pending_correction
https://everlasting-goods.com/articles/best-bifl-tool-sets-for-home-repair,"This set covers all your metric needs with a range of sizes from 8mm to 24mm, making it incredibly versatile for most automotive and household repair jobs.",specification,,,verify against current manufacturer documentation or remove,unsupported_pending_correction
https://everlasting-goods.com/articles/best-bifl-tool-sets-for-home-repair,The lifetime warranty from Stanley is another standout feature.,warranty,,,verify against current manufacturer documentation or remove,unsupported_pending_correction
https://everlasting-goods.com/articles/best-bifl-tool-sets-for-home-repair,"They might cost a bit more than some budget options out there—around $80-$120—but when you consider their quality and durability, it's money well spent if you're looking to invest in something that will last a lifetime.",price,,,remove stated price or add dated approved source,unsupported_pending_correction
https://everlasting-goods.com/articles/best-bifl-tool-sets-for-home-repair,"The FatMax X-Tra Tools series offers a lifetime warranty, ensuring peace of mind with every purchase.",warranty,,,verify against current manufacturer documentation or remove,unsupported_pending_correction
https://everlasting-goods.com/articles/best-bifl-tool-sets-for-home-repair,Check current price on Amazon → Craftsman 32-Piece Metric Socket Set The Craftsman 32-Piece Metric Socket Set is the ideal choice for serious home repair enthusiasts due to its extensive metric socket set and Craftsman's commitment to durability..,price,,,remove stated price or add dated approved source,unsupported_pending_correction
https://everlasting-goods.com/articles/best-bifl-tool-sets-for-home-repair,What really sets this set apart is the sheer comprehensiveness of the included sizes—covering pretty much every metric need you might have—and the fact that all these pieces are backed by Craftsman’s legendary lifetime warranty.,warranty,,,verify against current manufacturer documentation or remove,unsupported_pending_correction
https://everlasting-goods.com/articles/best-bifl-tool-sets-for-home-repair,"If you’re someone who likes to keep their tools around for the long haul and doesn’t want to worry about replacements, this is absolutely worth every penny in its $120-180 price range.",price,,,remove stated price or add dated approved source,unsupported_pending_correction
https://everlasting-goods.com/articles/best-bifl-tool-sets-for-home-repair,"Each tool in this set is backed by a lifetime warranty, making it an excellent BIFL investment.",warranty,,,verify against current manufacturer documentation or remove,unsupported_pending_correction
https://everlasting-goods.com/articles/best-bifl-tool-sets-for-home-repair,Check current price on Amazon → Wera Kraftform Kompakt 10-Piece Slotted & Phillips Screwdriver Set The Wera Kraftform Kompakt 10-Piece Slotted & Phillips Screwdriver Set is the perfect set for home repair due to its ergonomic design and high-quality construction..,price,,,remove stated price or add dated approved source,unsupported_pending_correction
https://everlasting-goods.com/articles/best-bifl-tool-sets-for-home-repair,The build quality is top-notch; it’s clear these aren’t made in some sweatshop but rather crafted by artisans who care about the end product.,specification,,,verify against current manufacturer documentation or remove,unsupported_pending_correction
https://everlasting-goods.com/articles/best-bifl-tool-sets-for-home-repair,"At around $60-90, it might seem pricey at first glance, but trust me, when you consider the durability and performance, it's an investment that will save you money in the long run by avoiding frequent replacements of inferior tools.",price,,,remove stated price or add dated approved source,unsupported_pending_correction
https://everlasting-goods.com/articles/best-bifl-tool-sets-for-home-repair,Check current price on Amazon → Irwin Vise-Grip 7-Piece Adjustable Spanner Set The Irwin Vise-Grip 7-Piece Adjustable Spanner Set is the go-to set for home repair due to its versatile adjustable spanners and Irwin's commitment to durability..,price,,,remove stated price or add dated approved source,unsupported_pending_correction
https://everlasting-goods.com/articles/best-bifl-tool-sets-for-home-repair,"The useful durability questions are whether the jaws hold adjustment, whether replacement support exists, and whether the exact set is covered by Irwin's current warranty—not whether the marketing calls it professional grade.",warranty,,,verify against current manufacturer documentation or remove,unsupported_pending_correction
https://everlasting-goods.com/articles/best-bifl-tool-sets-for-home-repair,"Irwin's published warranty strengthens the ownership case, but coverage and exclusions should be checked against the exact model before purchase.",warranty,,,verify against current manufacturer documentation or remove,unsupported_pending_correction
https://everlasting-goods.com/articles/best-bifl-tool-sets-for-home-repair,"For buyers who need several adjustable sizes in one kit, the set offers a practical balance of serviceability, availability, and price.",price,,,remove stated price or add dated approved source,unsupported_pending_correction
https://everlasting-goods.com/articles/best-bifl-tool-sets-for-home-repair,"This Vise-Grip set is designed to withstand heavy use, backed by a lifetime warranty that ensures it will serve you well over the years.",warranty,,,verify against current manufacturer documentation or remove,unsupported_pending_correction
https://everlasting-goods.com/articles/best-bifl-tool-sets-for-home-repair,"Check current price on Amazon → Buying Guide: What to Look For When you're on the hunt for a BIFL (Buy It For Life) tool set for your home repairs, you want to invest in quality that will stand the test of time.",price,,,remove stated price or add dated approved source,unsupported_pending_correction
https://everlasting-goods.com/articles/best-bifl-tool-sets-for-home-repair,Related Reading Best Cast Iron Skillets That Last Forever Best Buy It For Life Backpacks Best Leather Boots That Last 20 Years Frequently Asked Questions What makes tool sets for home repair buy-it-for-life?,specification,,,verify against current manufacturer documentation or remove,unsupported_pending_correction
https://everlasting-goods.com/articles/best-bifl-tool-sets-for-home-repair,"Snap-on and Milwaukee are known for their durable tool sets that can last a lifetime with proper care, making them excellent choices for home repairs.",warranty,,,verify against current manufacturer documentation or remove,unsupported_pending_correction
https://everlasting-goods.com/articles/best-bifl-tool-sets-for-home-repair,"Additionally, Socket Sink offers high-quality metric tools at more accessible price points without compromising on durability.",price,,,remove stated price or add dated approved source,unsupported_pending_correction
https://everlasting-goods.com/articles/best-bifl-tool-sets-for-home-repair,Keep Browsing Full BIFL hub All articles More tools guides Table of Contents Why Good Tool Sets for Home Repair Last Top Pick: Stanley FatMax X-Tra Tools 10-Piece Metric Socket Set Craftsman 32-Piece Metric Socket Set Wera Kraftform Kompakt 10-Piece Slotted &amp; Phillips Screwdriver Set Irwin Vise-Grip 7-Piece Adjustable Spanner Set Buying Guide: What to Look For Care &amp; Maintenance The Verdict Related Reading Frequently Asked Questions Related Articles Tools Best Estwing Hammers That Last a Lifetime Estwing keeps showing up in real-world longevity threads because one-piece steel hammers are brutally hard to kill.,warranty,,,verify against current manufacturer documentation or remove,unsupported_pending_correction
https://everlasting-goods.com/articles/best-bifl-travel-luggage-and-suitcases,Long-term value depends heavily on parts support and the exact warranty attached to the model.,warranty,,,verify against current manufacturer documentation or remove,unsupported_pending_correction
https://everlasting-goods.com/articles/best-bifl-travel-luggage-and-suitcases,"Verify airline size limits, current warranty terms, and replacement-part availability before treating any suitcase as a decades-long purchase.",warranty,,,verify against current manufacturer documentation or remove,unsupported_pending_correction
https://everlasting-goods.com/articles/best-bifl-travel-luggage-and-suitcases,"Additionally, the brand offers a lifetime warranty against defects in materials or workmanship.",warranty,,,verify against current manufacturer documentation or remove,unsupported_pending_correction
https://everlasting-goods.com/articles/best-bifl-travel-luggage-and-suitcases,"Check current price on Amazon → American Tourister Maxlite 5 Hardside Spinner The American Tourister Maxlite 5 Hardside Spinner is the perfect blend of durability and lightweight design, making it a BIFL choice..",price,,,remove stated price or add dated approved source,unsupported_pending_correction
https://everlasting-goods.com/articles/best-bifl-travel-luggage-and-suitcases,"It is a value-oriented option rather than a literal lifetime product, and buyers should verify the exact material and warranty for the current model.",warranty,,,verify against current manufacturer documentation or remove,unsupported_pending_correction
https://everlasting-goods.com/articles/best-bifl-travel-luggage-and-suitcases,"It includes a lifetime warranty against defects in material or workmanship, ensuring peace of mind for long-term use.",warranty,,,verify against current manufacturer documentation or remove,unsupported_pending_correction
https://everlasting-goods.com/articles/best-bifl-travel-luggage-and-suitcases,"Check current price on Amazon → Delsey Paris Helium Aero Spinner The Delsey Paris Helium Aero Spinner is renowned for its lightweight yet durable construction, making it a BIFL option..",price,,,remove stated price or add dated approved source,unsupported_pending_correction
https://everlasting-goods.com/articles/best-bifl-travel-luggage-and-suitcases,"What really sets it apart is Delsey’s dedication to durability—they back their commitment with a lifetime warranty against defects, which speaks volumes about the quality you’re getting for your money.",warranty,,,verify against current manufacturer documentation or remove,unsupported_pending_correction
https://everlasting-goods.com/articles/best-bifl-travel-luggage-and-suitcases,The brand's commitment to quality and durability is reflected in their lifetime warranty against defects.,warranty,,,verify against current manufacturer documentation or remove,unsupported_pending_correction
https://everlasting-goods.com/articles/best-bifl-travel-luggage-and-suitcases,"Check current price on Amazon → Travelpro Maxlite 5 Hardside Spinner The Travelpro Maxlite 5 Hardside Spinner is a top choice for durability and longevity, making it a BIFL investment..",price,,,remove stated price or add dated approved source,unsupported_pending_correction
https://everlasting-goods.com/articles/best-bifl-travel-luggage-and-suitcases,"Plus, with Travelpro's limited lifetime warranty backing up every purchase, you can rest easy knowing that any issues arising from normal wear and tear will be taken care of without hassle.",warranty,,,verify against current manufacturer documentation or remove,unsupported_pending_correction
https://everlasting-goods.com/articles/best-bifl-travel-luggage-and-suitcases,"The brand's dedication to quality is evident in their limited lifetime warranty, which covers defects in materials or workmanship.",warranty,,,verify against current manufacturer documentation or remove,unsupported_pending_correction
https://everlasting-goods.com/articles/best-bifl-travel-luggage-and-suitcases,"Check current price on Amazon → Buying Guide: What to Look For When you're in the market for BIFL (Buy It For Life) travel luggage and suitcases, you're essentially looking for a companion that will stick with you through thick and thin – literally.",price,,,remove stated price or add dated approved source,unsupported_pending_correction
https://everlasting-goods.com/articles/best-bifl-travel-luggage-and-suitcases,"When it comes to warranty considerations, don’t settle for less than comprehensive coverage.",warranty,,,verify against current manufacturer documentation or remove,unsupported_pending_correction
https://everlasting-goods.com/articles/best-bifl-travel-luggage-and-suitcases,"The Verdict Based on construction, service-network reach, warranty terms, and owner reports, the Samsonite Prodlux is the strongest all-around candidate in this group.",warranty,,,verify against current manufacturer documentation or remove,unsupported_pending_correction
https://everlasting-goods.com/articles/best-bifl-travel-luggage-and-suitcases,"Its expandable design and replaceable-wear-item question matter more than styling; confirm the current model's wheel, handle, and warranty support before buying.",warranty,,,verify against current manufacturer documentation or remove,unsupported_pending_correction
https://everlasting-goods.com/articles/best-bifl-travel-luggage-and-suitcases,Related Reading Best Cast Iron Skillets That Last Forever Best Buy It For Life Backpacks Best Leather Boots That Last 20 Years Frequently Asked Questions What makes travel luggage and suitcases buy-it-for-life?,specification,,,verify against current manufacturer documentation or remove,unsupported_pending_correction
https://everlasting-goods.com/articles/best-bifl-travel-luggage-and-suitcases,"September 5, 2024 11 min read EDC Best Mechanical Watches That Last a Lifetime In an era of disposable electronics, a quality mechanical watch is a radical act.",warranty,,,verify against current manufacturer documentation or remove,unsupported_pending_correction
https://everlasting-goods.com/articles/best-bifl-watches-under-500,"Best BIFL Watches Under $500 | Everlasting Goods E Everlasting Goods Buy It For Life Articles Start Here Products Categories 🍳 Kitchen 🔦 EDC 🏔️ Outdoor 👢 Clothing 🔧 Tools 🏠 Home About EDC Best BIFL Watches Under $500 When it comes to buying a watch that you'll keep for years, investing in something made right from the start is crucial.",price,,,remove stated price or add dated approved source,unsupported_pending_correction
https://everlasting-goods.com/articles/best-bifl-watches-under-500,"Why Good Watches Under $500 Last When it comes to buying a watch that you'll keep for years, investing in something made right from the start is crucial.",price,,,remove stated price or add dated approved source,unsupported_pending_correction
https://everlasting-goods.com/articles/best-bifl-watches-under-500,"Cheap options under $500 often fall short because they’re made with subpar materials like plastic cases and straps, which degrade over time.",price,,,remove stated price or add dated approved source,unsupported_pending_correction
https://everlasting-goods.com/articles/best-bifl-watches-under-500,Look for those BIFL (Buy It For Life) watches under $500 made with genuine leather straps and solid metal casings that can take a beating.,price,,,remove stated price or add dated approved source,unsupported_pending_correction
https://everlasting-goods.com/articles/best-bifl-watches-under-500,"From the moment it arrives in your hands, you can feel the quality - the case is made from sturdy stainless steel which gives it a weight and heft that screams durability.",specification,,,verify against current manufacturer documentation or remove,unsupported_pending_correction
https://everlasting-goods.com/articles/best-bifl-watches-under-500,"It might sound like small potatoes compared to the hefty prices some watches command, but trust me, it’s a game-changer when it comes to long-term value.",price,,,remove stated price or add dated approved source,unsupported_pending_correction
https://everlasting-goods.com/articles/best-bifl-watches-under-500,"Plus, for around $50-80, you’re getting a piece that looks as good on day one as it will ten years down the road, assuming you treat it right and maybe give it an occasional polish.",price,,,remove stated price or add dated approved source,unsupported_pending_correction
https://everlasting-goods.com/articles/best-bifl-watches-under-500,Why it's BIFL: This watch is built to last with its robust stainless steel case and mineral glass.,specification,,,verify against current manufacturer documentation or remove,unsupported_pending_correction
https://everlasting-goods.com/articles/best-bifl-watches-under-500,"Check current price on Amazon → Timex Men's Expedition Scout Chronograph Watch The Timex Men's Expedition Scout Chronograph Watch is the ideal choice for those seeking a rugged, reliable timepiece..",price,,,remove stated price or add dated approved source,unsupported_pending_correction
https://everlasting-goods.com/articles/best-bifl-watches-under-500,"It is a practical, lower-cost field watch, but buyers should verify the exact reference's depth rating and warranty rather than treating water resistance as permanent or assuming it is suitable for diving.",warranty,,,verify against current manufacturer documentation or remove,unsupported_pending_correction
https://everlasting-goods.com/articles/best-bifl-watches-under-500,Timex also provides excellent warranty support.,warranty,,,verify against current manufacturer documentation or remove,unsupported_pending_correction
https://everlasting-goods.com/articles/best-bifl-watches-under-500,Check current price on Amazon → Seiko Men's Automatic Watch The Seiko Men's Automatic Watch is a testament to precision engineering and timeless design..,price,,,remove stated price or add dated approved source,unsupported_pending_correction
https://everlasting-goods.com/articles/best-bifl-watches-under-500,"And because it’s priced around $300 to $400, it strikes a great balance between affordability and quality.",price,,,remove stated price or add dated approved source,unsupported_pending_correction
https://everlasting-goods.com/articles/best-bifl-watches-under-500,Check current price on Amazon → Citizen Men's Eco-Drive Watch The Citizen Men's Eco-Drive Watch is a sustainable and durable option for the eco-conscious consumer..,price,,,remove stated price or add dated approved source,unsupported_pending_correction
https://everlasting-goods.com/articles/best-bifl-watches-under-500,"The case is crafted from stainless steel or sometimes titanium, which are both robust yet lightweight.",specification,,,verify against current manufacturer documentation or remove,unsupported_pending_correction
https://everlasting-goods.com/articles/best-bifl-watches-under-500,"At around $250-350, it’s a bit of an investment upfront but considering its longevity and performance, it's worth every penny in my book.",price,,,remove stated price or add dated approved source,unsupported_pending_correction
https://everlasting-goods.com/articles/best-bifl-watches-under-500,"Check current price on Amazon → Buying Guide: What to Look For When hunting for a BIFL (Buy It For Life) watch under $500, you want to focus on watches that feel like a wise investment rather than just another purchase.",price,,,remove stated price or add dated approved source,unsupported_pending_correction
https://everlasting-goods.com/articles/best-bifl-watches-under-500,"Look for brands with solid reputations in the industry, ones known for not cutting corners even at this price point.",price,,,remove stated price or add dated approved source,unsupported_pending_correction
https://everlasting-goods.com/articles/best-bifl-watches-under-500,Materials are crucial; opt for stainless steel or high-quality alloys over plated metals that might wear off too quickly.,specification,,,verify against current manufacturer documentation or remove,unsupported_pending_correction
https://everlasting-goods.com/articles/best-bifl-watches-under-500,A good warranty is another must-have; look for at least two years to cover any manufacturing defects or initial malfunctions.,warranty,,,verify against current manufacturer documentation or remove,unsupported_pending_correction
https://everlasting-goods.com/articles/best-bifl-watches-under-500,"But remember, just because a watch comes with a decent warranty doesn’t mean it’s built to last beyond that period if not treated well.",warranty,,,verify against current manufacturer documentation or remove,unsupported_pending_correction
https://everlasting-goods.com/articles/best-bifl-watches-under-500,"Care & Maintenance When it comes to keeping your watch in top shape, especially if you've spent around $500 or less on it, a little TLC goes a long way.",price,,,remove stated price or add dated approved source,unsupported_pending_correction
https://everlasting-goods.com/articles/best-bifl-watches-under-500,"The Verdict Based on movement simplicity, parts availability, price, and owner reports, the Casio Men's Vintage Black Analog Watch is the value pick in this group.",price,,,remove stated price or add dated approved source,unsupported_pending_correction
https://everlasting-goods.com/articles/best-bifl-watches-under-500,Related Reading Best Cast Iron Skillets That Last Forever Best Buy It For Life Backpacks Best Leather Boots That Last 20 Years Frequently Asked Questions What makes watches under $500 buy-it-for-life?,price,,,remove stated price or add dated approved source,unsupported_pending_correction
https://everlasting-goods.com/articles/best-bifl-watches-under-500,Watches under $500 can be considered buy-it-for-life if they are made with high-quality materials like stainless steel or sapphire crystal glass that resist wear and tear.,price,,,remove stated price or add dated approved source,unsupported_pending_correction
https://everlasting-goods.com/articles/best-bifl-watches-under-500,Are expensive watches under $500 actually worth it?,price,,,remove stated price or add dated approved source,unsupported_pending_correction
https://everlasting-goods.com/articles/best-bifl-watches-under-500,"Expensive watches under $500 can be worth it if they offer quality materials, good craftsmanship, and reliable movement.",price,,,remove stated price or add dated approved source,unsupported_pending_correction
https://everlasting-goods.com/articles/best-bifl-watches-under-500,Consider brands like Seiko or Orient that provide mechanical movements and durable build for a reasonable price point.,price,,,remove stated price or add dated approved source,unsupported_pending_correction
https://everlasting-goods.com/articles/best-bifl-watches-under-500,Which brands of watches under $500 last the longest?,price,,,remove stated price or add dated approved source,unsupported_pending_correction
https://everlasting-goods.com/articles/best-bifl-watches-under-500,"Seiko and Citizen are well-regarded for their durability and longevity among watch brands under $500, offering reliable timepieces with long-lasting battery life and robust build quality.",price,,,remove stated price or add dated approved source,unsupported_pending_correction
https://everlasting-goods.com/articles/best-bifl-watches-under-500,How do I maintain watches under $500 so they last longer?,price,,,remove stated price or add dated approved source,unsupported_pending_correction
https://everlasting-goods.com/articles/best-bifl-watches-under-500,"To maintain watches under $500 and ensure longevity, clean them regularly with a soft cloth to remove oils and sweat, avoid exposing them to water unless explicitly marked as water-resistant, and keep them away from strong magnetic fields.",price,,,remove stated price or add dated approved source,unsupported_pending_correction
https://everlasting-goods.com/articles/best-bifl-watches-under-500,Keep Browsing Full BIFL hub All articles More edc guides Table of Contents Why Good Watches Under $500 Last Top Pick: Casio Men's Vintage Black Analog Watch Timex Men's Expedition Scout Chronograph Watch Seiko Men's Automatic Watch Citizen Men's Eco-Drive Watch Buying Guide: What to Look For Care &amp; Maintenance The Verdict Related Reading Frequently Asked Questions Related Articles EDC Best Watches to Mark a Major Milestone The best milestone watch is not the flashiest one.,price,,,remove stated price or add dated approved source,unsupported_pending_correction
https://everlasting-goods.com/articles/best-bifl-watches-under-500,"September 5, 2024 11 min read EDC Best Mechanical Watches That Last a Lifetime In an era of disposable electronics, a quality mechanical watch is a radical act.",warranty,,,verify against current manufacturer documentation or remove,unsupported_pending_correction
https://everlasting-goods.com/articles/best-stainless-steel-pots-that-last-forever,"Best Stainless Steel Pots That Last Forever | Everlasting Goods E Everlasting Goods Buy It For Life Articles Start Here Products Categories 🍳 Kitchen 🔦 EDC 🏔️ Outdoor 👢 Clothing 🔧 Tools 🏠 Home About Kitchen Best Stainless Steel Pots That Last Forever The only stainless steel pots worth buying — tri-ply construction, lifetime warranties, and actual durability tested by decades of home cooking.",warranty,,,verify against current manufacturer documentation or remove,unsupported_pending_correction
https://everlasting-goods.com/articles/best-stainless-steel-pots-that-last-forever,"Why Most Stainless Steel Pots Fail You When it comes to stainless steel cookware, longevity is not guaranteed by its mere presence on your stovetop.",specification,,,verify against current manufacturer documentation or remove,unsupported_pending_correction
https://everlasting-goods.com/articles/best-stainless-steel-pots-that-last-forever,Most subpar stainless steel sets will fail you in one of two ways: Thermal Performance Issues: Inferior cookware often lacks proper heat conductivity and distribution.,specification,,,verify against current manufacturer documentation or remove,unsupported_pending_correction
https://everlasting-goods.com/articles/best-stainless-steel-pots-that-last-forever,"Durability Failures: Thin gauge metals, poor bonding between layers, or substandard stainless steel can lead to warping, pitting, and discoloration over time, rendering your pots useless.",specification,,,verify against current manufacturer documentation or remove,unsupported_pending_correction
https://everlasting-goods.com/articles/best-stainless-steel-pots-that-last-forever,"Not all stainless steel pots are created equal, and it's crucial to understand what separates the durable from the disposable.",specification,,,verify against current manufacturer documentation or remove,unsupported_pending_correction
https://everlasting-goods.com/articles/best-stainless-steel-pots-that-last-forever,"What Actually Makes Cookware Last The longevity of your cookware is determined by several key factors: Metal Quality: Higher-grade stainless steel alloys resist corrosion better, ensuring a longer lifespan.",specification,,,verify against current manufacturer documentation or remove,unsupported_pending_correction
https://everlasting-goods.com/articles/best-stainless-steel-pots-that-last-forever,"Aim for at least 2mm thick metal, but thicker is always better.",specification,,,verify against current manufacturer documentation or remove,unsupported_pending_correction
https://everlasting-goods.com/articles/best-stainless-steel-pots-that-last-forever,"Bonding Techniques: Proper layer bonding ensures that your stainless steel and base metals stay intact over time, preventing delamination and warping.",specification,,,verify against current manufacturer documentation or remove,unsupported_pending_correction
https://everlasting-goods.com/articles/best-stainless-steel-pots-that-last-forever,Stainless steel is better than plastic for grips that won't crack over time.,specification,,,verify against current manufacturer documentation or remove,unsupported_pending_correction
https://everlasting-goods.com/articles/best-stainless-steel-pots-that-last-forever,"Top Picks: The Stainless Steel Pots Worth Buying If you're looking to invest in stainless steel cookware that will truly last, here are the top picks: All-Clad D3 Stainless Saucepan : Tri-ply bonded construction with a magnetic base for induction cooking.",specification,,,verify against current manufacturer documentation or remove,unsupported_pending_correction
https://everlasting-goods.com/articles/best-stainless-steel-pots-that-last-forever,All-Clad backs it with a lifetime warranty — this is the benchmark.,warranty,,,verify against current manufacturer documentation or remove,unsupported_pending_correction
https://everlasting-goods.com/articles/best-stainless-steel-pots-that-last-forever,The 18/10 stainless steel exterior is highly resistant to corrosion.,specification,,,verify against current manufacturer documentation or remove,unsupported_pending_correction
https://everlasting-goods.com/articles/best-stainless-steel-pots-that-last-forever,Made In Cookware Stainless : 3mm thick bases with durable ergonomic handles.,specification,,,verify against current manufacturer documentation or remove,unsupported_pending_correction
https://everlasting-goods.com/articles/best-stainless-steel-pots-that-last-forever,Good price-to-quality ratio relative to All-Clad.,price,,,remove stated price or add dated approved source,unsupported_pending_correction
https://everlasting-goods.com/articles/best-stainless-steel-pots-that-last-forever,"The thick gauge base prevents warping, which is more than you can say for most sets at this price.",price,,,remove stated price or add dated approved source,unsupported_pending_correction
https://everlasting-goods.com/articles/best-stainless-steel-pots-that-last-forever,Farberware Stainless Steel : Prone to warping and uneven heating.,specification,,,verify against current manufacturer documentation or remove,unsupported_pending_correction
https://everlasting-goods.com/articles/best-stainless-steel-pots-that-last-forever,Care and Maintenance To ensure your stainless steel pots last as long as possible: Hand Wash Only: Dishwashers cause discoloration and pitting.,specification,,,verify against current manufacturer documentation or remove,unsupported_pending_correction
https://everlasting-goods.com/articles/best-stainless-steel-pots-that-last-forever,Verdict Investing in high-quality stainless steel cookware pays off over decades.,specification,,,verify against current manufacturer documentation or remove,unsupported_pending_correction
https://everlasting-goods.com/articles/best-stainless-steel-pots-that-last-forever,Tramontina is what you buy when you want BIFL quality without the premium price tag.,price,,,remove stated price or add dated approved source,unsupported_pending_correction
https://everlasting-goods.com/articles/best-stainless-steel-pots-that-last-forever,FAQ How do I know if my stainless steel pots are high quality?,specification,,,verify against current manufacturer documentation or remove,unsupported_pending_correction
https://everlasting-goods.com/articles/best-stainless-steel-pots-that-last-forever,"Look for thick gauge metal (2mm+ base), multi-layer construction with a heat-conductive aluminum or copper core, solid riveted handles, and 18/10 stainless steel rating.",specification,,,verify against current manufacturer documentation or remove,unsupported_pending_correction
https://everlasting-goods.com/articles/best-stainless-steel-pots-that-last-forever,Can I use stainless steel pots on an induction stove?,specification,,,verify against current manufacturer documentation or remove,unsupported_pending_correction
https://everlasting-goods.com/articles/best-stainless-steel-pots-that-last-forever,Most high-quality stainless steel pots are induction-compatible because they have a magnetic base layer.,specification,,,verify against current manufacturer documentation or remove,unsupported_pending_correction
https://everlasting-goods.com/articles/best-stainless-steel-pots-that-last-forever,"All-Clad D3, Demeyere, and Made In all work on induction.",specification,,,verify against current manufacturer documentation or remove,unsupported_pending_correction
https://everlasting-goods.com/articles/best-stainless-steel-pots-that-last-forever,How long should stainless steel cookware last?,specification,,,verify against current manufacturer documentation or remove,unsupported_pending_correction
https://everlasting-goods.com/articles/best-stainless-steel-pots-that-last-forever,"If well-maintained, quality stainless steel pots last decades — often a lifetime.",warranty,,,verify against current manufacturer documentation or remove,unsupported_pending_correction
https://everlasting-goods.com/articles/best-stainless-steel-pots-that-last-forever,All-Clad literally offers a lifetime warranty.,warranty,,,verify against current manufacturer documentation or remove,unsupported_pending_correction
https://everlasting-goods.com/articles/best-stainless-steel-pots-that-last-forever,Is All-Clad really worth the price over Tramontina?,price,,,remove stated price or add dated approved source,unsupported_pending_correction
https://everlasting-goods.com/articles/best-stainless-steel-pots-that-last-forever,"For most home cooks, Tramontina Tri-Ply Clad delivers 85-90% of All-Clad performance at roughly a third of the price.",price,,,remove stated price or add dated approved source,unsupported_pending_correction
https://everlasting-goods.com/articles/best-stainless-steel-pots-that-last-forever,"April 9, 2026 12 min read Kitchen Best Cast Iron Skillets That Last Forever A well-seasoned cast iron skillet is the ultimate buy-it-for-life kitchen essential.",specification,,,verify against current manufacturer documentation or remove,unsupported_pending_correction
https://everlasting-goods.com/articles/best-stainless-steel-pots-that-last-forever,"November 15, 2024 12 min read Kitchen Best Kitchen Knives That Last a Lifetime A great chef's knife is the most important tool in your kitchen.",warranty,,,verify against current manufacturer documentation or remove,unsupported_pending_correction
https://everlasting-goods.com/articles/best-bifl-sandals-that-actually-last,Birkenstock Used to Be a Lifetime Buy.,warranty,,,verify against current manufacturer documentation or remove,unsupported_pending_correction
https://everlasting-goods.com/articles/best-bifl-sandals-that-actually-last,FAQ Are Chaco sandals really worth the price?,price,,,remove stated price or add dated approved source,unsupported_pending_correction
https://everlasting-goods.com/articles/best-bifl-sandals-that-actually-last,How do I know if a Birkenstock is made in Germany?,specification,,,verify against current manufacturer documentation or remove,unsupported_pending_correction
https://everlasting-goods.com/articles/best-bifl-sandals-that-actually-last,"Original German-made Birkenstocks have ""Made in Germany"" stamped on the footbed or packaging.",specification,,,verify against current manufacturer documentation or remove,unsupported_pending_correction
https://everlasting-goods.com/articles/best-toasters-that-last-a-lifetime,Best Toasters That Last a Lifetime | Everlasting Goods E Everlasting Goods Buy It For Life Articles Start Here Products Categories 🍳 Kitchen 🔦 EDC 🏔️ Outdoor 👢 Clothing 🔧 Tools 🏠 Home About Kitchen Best Toasters That Last a Lifetime Most toasters die in 2-3 years.,warranty,,,verify against current manufacturer documentation or remove,unsupported_pending_correction
https://everlasting-goods.com/articles/best-toasters-that-last-a-lifetime,"What Actually Makes a Toaster Last Longevity in toasters isn't about brand names or price alone — it's about specific construction choices: Built-to-last materials: Heavier, more robust construction — real die-cast metal housing versus thin stamped steel or plastic.",price,,,remove stated price or add dated approved source,unsupported_pending_correction
https://everlasting-goods.com/articles/best-toasters-that-last-a-lifetime,"Not BIFL, but closer to it than anything under $50.",price,,,remove stated price or add dated approved source,unsupported_pending_correction
https://everlasting-goods.com/articles/best-toasters-that-last-a-lifetime,"The caveats: availability varies, pricing on eBay ranges from $30 to $150+, and you'll likely need to clean the contacts and check the wiring.",price,,,remove stated price or add dated approved source,unsupported_pending_correction
https://everlasting-goods.com/articles/best-toasters-that-last-a-lifetime,"What to Skip Budget brands under $30: Flimsy materials, subpar elements, plastic levers.",price,,,remove stated price or add dated approved source,unsupported_pending_correction
https://everlasting-goods.com/articles/best-toasters-that-last-a-lifetime,"If the Dualit price is a stretch, the Breville Die-Cast is the next best thing.",price,,,remove stated price or add dated approved source,unsupported_pending_correction
https://everlasting-goods.com/articles/best-toasters-that-last-a-lifetime,They're cheap to make and priced to be replaced.,price,,,remove stated price or add dated approved source,unsupported_pending_correction
https://everlasting-goods.com/articles/best-toasters-that-last-a-lifetime,"If you can find a clean example in working condition for under $60, yes.",price,,,remove stated price or add dated approved source,unsupported_pending_correction
https://everlasting-goods.com/articles/best-toasters-that-last-a-lifetime,"April 9, 2026 12 min read Kitchen Best Cast Iron Skillets That Last Forever A well-seasoned cast iron skillet is the ultimate buy-it-for-life kitchen essential.",specification,,,verify against current manufacturer documentation or remove,unsupported_pending_correction
https://everlasting-goods.com/articles/best-toasters-that-last-a-lifetime,"November 15, 2024 12 min read Kitchen Best Kitchen Knives That Last a Lifetime A great chef's knife is the most important tool in your kitchen.",warranty,,,verify against current manufacturer documentation or remove,unsupported_pending_correction
https://everlasting-goods.com/articles/best-buy-it-for-life-alarm-clocks,"Best Buy It For Life Alarm Clocks | Everlasting Goods E Everlasting Goods Buy It For Life Articles Start Here Products Categories 🍳 Kitchen 🔦 EDC 🏔️ Outdoor 👢 Clothing 🔧 Tools 🏠 Home About Home Best Buy It For Life Alarm Clocks When it comes to waking up every day, you might think a $10 alarm clock from your local store would do just fine.",price,,,remove stated price or add dated approved source,unsupported_pending_correction
https://everlasting-goods.com/articles/best-buy-it-for-life-alarm-clocks,"Why Good Alarm Clocks Last When it comes to waking up every day, you might think a $10 alarm clock from your local store would do just fine.",price,,,remove stated price or add dated approved source,unsupported_pending_correction
https://everlasting-goods.com/articles/best-buy-it-for-life-alarm-clocks,"When you buy something meant to last a lifetime, you're not just getting an alarm clock; you're setting yourself up for mornings that are more reliable and stress-free.",warranty,,,verify against current manufacturer documentation or remove,unsupported_pending_correction
https://everlasting-goods.com/articles/best-buy-it-for-life-alarm-clocks,Check current price on Amazon → Value Pick: Westman Pepper 24 Hour Digital Alarm Clock The Westman Pepper 24 Hour Digital Alarm Clock is the affordable yet robust digital alarm clock designed with a user-friendly interface and clear visibility..,price,,,remove stated price or add dated approved source,unsupported_pending_correction
https://everlasting-goods.com/articles/best-buy-it-for-life-alarm-clocks,"Treat it as a practical value pick, not a guaranteed lifetime purchase.",warranty,,,verify against current manufacturer documentation or remove,unsupported_pending_correction
https://everlasting-goods.com/articles/best-buy-it-for-life-alarm-clocks,"Check current price on Amazon → Premium Pick: Seiko STB201 Alarm Clock The Seiko STB201 Alarm Clock is the premium alarm clock with a sleek design and advanced features, making it an excellent choice for those seeking top-tier performance..",price,,,remove stated price or add dated approved source,unsupported_pending_correction
https://everlasting-goods.com/articles/best-buy-it-for-life-alarm-clocks,"Seiko’s reputation for precision engineering is well-deserved, and seeing that quality in the STB201 makes spending around $80-$100 feel like a no-brainer investment.",price,,,remove stated price or add dated approved source,unsupported_pending_correction
https://everlasting-goods.com/articles/best-buy-it-for-life-alarm-clocks,"Check current price on Amazon → Honorable Mention: Oregon Scientific Digi-Vue Digital Alarm Clock The Oregon Scientific Digi-Vue Digital Alarm Clock is the versatile digital alarm clock with a large, easy-to-read display and multiple features that cater to various needs..",price,,,remove stated price or add dated approved source,unsupported_pending_correction
https://everlasting-goods.com/articles/best-buy-it-for-life-alarm-clocks,"At around $60 to $80, it might seem pricey at first glance, but considering its longevity and functionality, it’s definitely worth every penny for those looking to invest in something that will stick with them through many restless nights and early mornings.",price,,,remove stated price or add dated approved source,unsupported_pending_correction
https://everlasting-goods.com/articles/best-buy-it-for-life-alarm-clocks,"Check current price on Amazon → Buying Guide: What to Look For When you're in the market for an alarm clock that's built to last a lifetime, there are certain hallmarks of quality you should be on the lookout for.",price,,,remove stated price or add dated approved source,unsupported_pending_correction
https://everlasting-goods.com/articles/best-buy-it-for-life-alarm-clocks,"First off, durability is key—look for clocks made from sturdy materials like brushed stainless steel or high-quality plastic that can withstand daily use without showing wear and tear.",specification,,,verify against current manufacturer documentation or remove,unsupported_pending_correction
https://everlasting-goods.com/articles/best-buy-it-for-life-alarm-clocks,"While some might argue that a one-year warranty isn’t worth much for an alarm clock, it’s actually quite telling about how confident a manufacturer is in their product.",warranty,,,verify against current manufacturer documentation or remove,unsupported_pending_correction
https://everlasting-goods.com/articles/best-buy-it-for-life-alarm-clocks,"The Verdict If you're in the market for an alarm clock that will last a lifetime and keep you punctual, look no further than the Leviton 5817-WH Programmable LED Alarm Clock.",warranty,,,verify against current manufacturer documentation or remove,unsupported_pending_correction
https://everlasting-goods.com/articles/best-buy-it-for-life-alarm-clocks,Related Reading Best Cast Iron Skillets That Last Forever Best Buy It For Life Backpacks Best Leather Boots That Last 20 Years Frequently Asked Questions What makes alarm clocks buy-it-for-life?,specification,,,verify against current manufacturer documentation or remove,unsupported_pending_correction
https://everlasting-goods.com/articles/best-buy-it-for-life-aprons-for-cooking-and-shop-work,"Confirm the exact product's care instructions and current warranty terms; durability here comes from fabric weight and repairable stitching, not an undocumented personal trial.",warranty,,,verify against current manufacturer documentation or remove,unsupported_pending_correction
https://everlasting-goods.com/articles/best-buy-it-for-life-aprons-for-cooking-and-shop-work,The brand is known for its commitment to quality materials and a lifetime warranty against manufacturing defects.,warranty,,,verify against current manufacturer documentation or remove,unsupported_pending_correction
https://everlasting-goods.com/articles/best-buy-it-for-life-aprons-for-cooking-and-shop-work,"Check current price on Amazon → Value Pick: Wüsthof Classic Chef's Apron The Wusthof Classic Chef's Apron is a versatile and stylish apron designed with the professional cook in mind, featuring multiple pockets for tools..",price,,,remove stated price or add dated approved source,unsupported_pending_correction
https://everlasting-goods.com/articles/best-buy-it-for-life-aprons-for-cooking-and-shop-work,"And let’s face it, if you’re going to spend up to $60 on an apron, it better be special and the Wusthof Classic delivers in spades.",price,,,remove stated price or add dated approved source,unsupported_pending_correction
https://everlasting-goods.com/articles/best-buy-it-for-life-aprons-for-cooking-and-shop-work,"Check current price on Amazon → Premium Pick: Victorinox Chef's Apron The Victorinox Chef's Apron is a premium apron that combines functionality with durability, featuring reinforced seams and adjustable straps..",price,,,remove stated price or add dated approved source,unsupported_pending_correction
https://everlasting-goods.com/articles/best-buy-it-for-life-aprons-for-cooking-and-shop-work,"At around $60-90, it might seem like a splurge compared to more budget-friendly options, but when you consider how much wear and tear it can take before needing replacement, it's an investment worth making.",price,,,remove stated price or add dated approved source,unsupported_pending_correction
https://everlasting-goods.com/articles/best-buy-it-for-life-aprons-for-cooking-and-shop-work,"Check current price on Amazon → Buying Guide: What to Look For When you're shopping for a 'Best Buy It For Life' apron, your goal should be durability first.",price,,,remove stated price or add dated approved source,unsupported_pending_correction
https://everlasting-goods.com/articles/best-buy-it-for-life-aprons-for-cooking-and-shop-work,"When considering the price tag, remember that spending more on quality materials and craftsmanship means less frequent replacements down the line.",price,,,remove stated price or add dated approved source,unsupported_pending_correction
https://everlasting-goods.com/articles/best-buy-it-for-life-aprons-for-cooking-and-shop-work,"Plus, if the brand offers a solid warranty or repair service for their products, it’s worth paying extra to ensure your investment lasts a lifetime.",warranty,,,verify against current manufacturer documentation or remove,unsupported_pending_correction
https://everlasting-goods.com/articles/best-buy-it-for-life-aprons-for-cooking-and-shop-work,Related Reading Best Cast Iron Skillets That Last Forever Best Buy It For Life Backpacks Best Leather Boots That Last 20 Years Frequently Asked Questions What makes aprons for cooking and shop work buy-it-for-life?,specification,,,verify against current manufacturer documentation or remove,unsupported_pending_correction
https://everlasting-goods.com/articles/best-buy-it-for-life-cast-iron-dutch-ovens,"Best Buy It For Life Cast Iron Dutch Ovens | Everlasting Goods E Everlasting Goods Buy It For Life Articles Start Here Products Categories 🍳 Kitchen 🔦 EDC 🏔️ Outdoor 👢 Clothing 🔧 Tools 🏠 Home About Kitchen Best Buy It For Life Cast Iron Dutch Ovens When it comes to kitchen essentials that truly stand the test of time, a high-quality cast iron Dutch oven is at the top of the list for Buy It For Life.",specification,,,verify against current manufacturer documentation or remove,unsupported_pending_correction
https://everlasting-goods.com/articles/best-buy-it-for-life-cast-iron-dutch-ovens,"Why Good Cast Iron Dutch Ovens Last When it comes to kitchen essentials that truly stand the test of time, a high-quality cast iron Dutch oven is at the top of the list for Buy It For Life.",specification,,,verify against current manufacturer documentation or remove,unsupported_pending_correction
https://everlasting-goods.com/articles/best-buy-it-for-life-cast-iron-dutch-ovens,"Subpar materials can lead to uneven heating, rust easily, and lack the seasoning that makes cast iron so special.",specification,,,verify against current manufacturer documentation or remove,unsupported_pending_correction
https://everlasting-goods.com/articles/best-buy-it-for-life-cast-iron-dutch-ovens,"Top Pick: Lodge L8MD3 Pre-Seasoned Cast Iron Dutch Oven The Lodge L8MD3 Pre-Seasoned Cast Iron Dutch Oven is the most recommended and versatile cast iron dutch oven for its durability, affordability, and easy maintenance..",specification,,,verify against current manufacturer documentation or remove,unsupported_pending_correction
https://everlasting-goods.com/articles/best-buy-it-for-life-cast-iron-dutch-ovens,This Lodge L8MD3 Pre-Seasoned Cast Iron Dutch Oven is like an old friend that gets better with age.,specification,,,verify against current manufacturer documentation or remove,unsupported_pending_correction
https://everlasting-goods.com/articles/best-buy-it-for-life-cast-iron-dutch-ovens,"If you’re looking for something that will become an essential piece in your cooking arsenal for years to come, the Lodge is definitely worth every penny, despite its slightly higher price point compared to other brands.",price,,,remove stated price or add dated approved source,unsupported_pending_correction
https://everlasting-goods.com/articles/best-buy-it-for-life-cast-iron-dutch-ovens,Why it's BIFL: Lodge is renowned in BIFL communities for producing high-quality cookware that lasts a lifetime.,warranty,,,verify against current manufacturer documentation or remove,unsupported_pending_correction
https://everlasting-goods.com/articles/best-buy-it-for-life-cast-iron-dutch-ovens,"Check current price on Amazon → Value Pick: Le Creuset Signature Enameled Cast Iron 5-1/2 Qt Round French Oven The Le Creuset Signature Enameled Cast Iron 5-1/2 Qt Round French Oven is the premium choice for those seeking a high-end, enameled cast iron dutch oven with unparalleled craftsmanship and aesthetics..",price,,,remove stated price or add dated approved source,unsupported_pending_correction
https://everlasting-goods.com/articles/best-buy-it-for-life-cast-iron-dutch-ovens,"This Le Creuset Signature Enameled Cast Iron 5-1/2 Qt Round French Oven is like a Swiss Army Knife for your kitchen – it can do just about anything you throw at it, from slow-cooking soups to searing steaks.",specification,,,verify against current manufacturer documentation or remove,unsupported_pending_correction
https://everlasting-goods.com/articles/best-buy-it-for-life-cast-iron-dutch-ovens,"The first thing that strikes me when I handle this pot is its weight; it’s solid and reassuringly hefty, which might be off-putting if you’re not used to cast iron, but it ensures even heat distribution across the cooking surface.",specification,,,verify against current manufacturer documentation or remove,unsupported_pending_correction
https://everlasting-goods.com/articles/best-buy-it-for-life-cast-iron-dutch-ovens,You won’t need to worry about your dish turning brown or rusting as you would with bare cast iron.,specification,,,verify against current manufacturer documentation or remove,unsupported_pending_correction
https://everlasting-goods.com/articles/best-buy-it-for-life-cast-iron-dutch-ovens,"If you’re willing to invest in quality over quantity, this is definitely worth every penny despite its hefty price tag around $200-300.",price,,,remove stated price or add dated approved source,unsupported_pending_correction
https://everlasting-goods.com/articles/best-buy-it-for-life-cast-iron-dutch-ovens,Check current price on Amazon → Premium Pick: Cuisinart Chef's Connoisseur 5-Quart Round Dutch Oven The Cuisinart Chef's Connoisseur 5-Quart Round Dutch Oven is the premium option for those who want a high-quality cast iron dutch oven with added features like ergonomic handles and a tight-fitting lid..,price,,,remove stated price or add dated approved source,unsupported_pending_correction
https://everlasting-goods.com/articles/best-buy-it-for-life-cast-iron-dutch-ovens,"The thick cast iron construction isn't just heavy for show; it locks in heat like nothing else can, ensuring your meals are cooked evenly without hot spots that can ruin a dish.",specification,,,verify against current manufacturer documentation or remove,unsupported_pending_correction
https://everlasting-goods.com/articles/best-buy-it-for-life-cast-iron-dutch-ovens,The enamel coating not only looks beautiful but also makes cleanup a breeze compared to raw cast iron pots.,specification,,,verify against current manufacturer documentation or remove,unsupported_pending_correction
https://everlasting-goods.com/articles/best-buy-it-for-life-cast-iron-dutch-ovens,"And while the initial cost might seem steep at around $90-130, consider how much you'll save by not constantly replacing cheaper alternatives that wear out quickly.",price,,,remove stated price or add dated approved source,unsupported_pending_correction
https://everlasting-goods.com/articles/best-buy-it-for-life-cast-iron-dutch-ovens,"Check current price on Amazon → Honorable Mention: Tramontina Cast Iron 5-Quart Round Dutch Oven The Tramontina Cast Iron 5-Quart Round Dutch Oven is a budget-friendly option that still delivers on durability and performance, making it a solid choice for those looking to invest in quality cookware..",price,,,remove stated price or add dated approved source,unsupported_pending_correction
https://everlasting-goods.com/articles/best-buy-it-for-life-cast-iron-dutch-ovens,"If you're in the market for a durable, versatile piece of cookware that will serve as a cornerstone of your kitchen equipment for years to come, look no further than the Tramontina Cast Iron 5-Quart Round Dutch Oven.",specification,,,verify against current manufacturer documentation or remove,unsupported_pending_correction
https://everlasting-goods.com/articles/best-buy-it-for-life-cast-iron-dutch-ovens,This isn't just another dutch oven; it's an investment in quality and longevity at a surprisingly reasonable price tag around $40-$60.,price,,,remove stated price or add dated approved source,unsupported_pending_correction
https://everlasting-goods.com/articles/best-buy-it-for-life-cast-iron-dutch-ovens,"What makes this piece stand out is its construction: heavy-duty cast iron that retains heat exceptionally well, ensuring your dishes are cooked evenly without hot spots.",specification,,,verify against current manufacturer documentation or remove,unsupported_pending_correction
https://everlasting-goods.com/articles/best-buy-it-for-life-cast-iron-dutch-ovens,The enamel coating inside adds an extra layer of convenience by making cleanup easier while still preserving the natural benefits of bare cast iron on the exterior for seasoning and longevity.,specification,,,verify against current manufacturer documentation or remove,unsupported_pending_correction
https://everlasting-goods.com/articles/best-buy-it-for-life-cast-iron-dutch-ovens,This dutch oven is an excellent example of their commitment to affordability without compromising on the essential qualities that make cast iron cookware so valuable over time.,specification,,,verify against current manufacturer documentation or remove,unsupported_pending_correction
https://everlasting-goods.com/articles/best-buy-it-for-life-cast-iron-dutch-ovens,"Check current price on Amazon → Buying Guide: What to Look For When you're on the hunt for a cast iron Dutch oven that's built to last a lifetime, you need to be extra picky about what you bring home.",price,,,remove stated price or add dated approved source,unsupported_pending_correction
https://everlasting-goods.com/articles/best-buy-it-for-life-cast-iron-dutch-ovens,You want something made from pure cast iron without any mixers or additives.,specification,,,verify against current manufacturer documentation or remove,unsupported_pending_correction
https://everlasting-goods.com/articles/best-buy-it-for-life-cast-iron-dutch-ovens,"Pure cast iron heats evenly and retains heat beautifully, which is essential for dishes that require long cooking times like braised meats and stews.",specification,,,verify against current manufacturer documentation or remove,unsupported_pending_correction
https://everlasting-goods.com/articles/best-buy-it-for-life-cast-iron-dutch-ovens,A good warranty also reflects confidence in their product's quality.,warranty,,,verify against current manufacturer documentation or remove,unsupported_pending_correction
https://everlasting-goods.com/articles/best-buy-it-for-life-cast-iron-dutch-ovens,"Investing in a well-made cast iron Dutch oven might seem expensive upfront, but the truth is, when you buy one made right and with proper care, it will pay for itself over time by saving you money on replacements and enhancing your cooking experience every day.",specification,,,verify against current manufacturer documentation or remove,unsupported_pending_correction
https://everlasting-goods.com/articles/best-buy-it-for-life-cast-iron-dutch-ovens,"Care & Maintenance When it comes to taking care of your cast iron Dutch oven, the key is regular attention and a bit of know-how to keep it in top shape.",specification,,,verify against current manufacturer documentation or remove,unsupported_pending_correction
https://everlasting-goods.com/articles/best-buy-it-for-life-cast-iron-dutch-ovens,"A well-maintained cast iron Dutch oven will become your go-to cooking companion for generations to come, thanks to its durability and the incredible flavors you’ll create in it over time.",specification,,,verify against current manufacturer documentation or remove,unsupported_pending_correction
https://everlasting-goods.com/articles/best-buy-it-for-life-cast-iron-dutch-ovens,"The Verdict If you're in the market for a cast iron dutch oven that will last a lifetime and become an indispensable part of your kitchen arsenal, look no further than the Lodge L8MD3 Pre-Seasoned Cast Iron Dutch Oven.",warranty,,,verify against current manufacturer documentation or remove,unsupported_pending_correction
https://everlasting-goods.com/articles/best-buy-it-for-life-cast-iron-dutch-ovens,Related Reading Best Cast Iron Skillets That Last Forever Best Buy It For Life Backpacks Best Leather Boots That Last 20 Years Frequently Asked Questions What makes cast iron dutch ovens buy-it-for-life?,specification,,,verify against current manufacturer documentation or remove,unsupported_pending_correction
https://everlasting-goods.com/articles/best-buy-it-for-life-cast-iron-dutch-ovens,"Cast iron dutch ovens are buy-it-for-life because they can last indefinitely with proper care, developing a natural non-stick surface over time through seasoning, and they retain heat extremely well, making them versatile for various cooking methods from stovetop to oven.",specification,,,verify against current manufacturer documentation or remove,unsupported_pending_correction
https://everlasting-goods.com/articles/best-buy-it-for-life-cast-iron-dutch-ovens,Are expensive cast iron dutch ovens actually worth it?,specification,,,verify against current manufacturer documentation or remove,unsupported_pending_correction
https://everlasting-goods.com/articles/best-buy-it-for-life-cast-iron-dutch-ovens,"Expensive cast iron Dutch ovens are worth it if you cook frequently and value longevity, even heat distribution, and versatility.",specification,,,verify against current manufacturer documentation or remove,unsupported_pending_correction
https://everlasting-goods.com/articles/best-buy-it-for-life-cast-iron-dutch-ovens,"They may cost more upfront but can last a lifetime with proper care, making them a worthwhile investment for serious cooks or those who appreciate quality kitchenware.",warranty,,,verify against current manufacturer documentation or remove,unsupported_pending_correction
https://everlasting-goods.com/articles/best-buy-it-for-life-cast-iron-dutch-ovens,Which brands of cast iron dutch ovens last the longest?,specification,,,verify against current manufacturer documentation or remove,unsupported_pending_correction
https://everlasting-goods.com/articles/best-buy-it-for-life-cast-iron-dutch-ovens,Lodge and Le Creuset are renowned for their durable cast iron Dutch ovens that can last for decades with proper care.,specification,,,verify against current manufacturer documentation or remove,unsupported_pending_correction
https://everlasting-goods.com/articles/best-buy-it-for-life-cast-iron-dutch-ovens,"Lodge offers affordability while maintaining quality, whereas Le Creuset is known for its vibrant enamel coating and superior craftsmanship, though at a higher price point.",price,,,remove stated price or add dated approved source,unsupported_pending_correction
https://everlasting-goods.com/articles/best-buy-it-for-life-cast-iron-dutch-ovens,How do I maintain cast iron dutch ovens so they last longer?,specification,,,verify against current manufacturer documentation or remove,unsupported_pending_correction
https://everlasting-goods.com/articles/best-buy-it-for-life-cast-iron-dutch-ovens,"To maintain cast iron dutch ovens, clean them by wiping with a damp cloth or using hot water and a gentle scrubber, then dry thoroughly to prevent rust.",specification,,,verify against current manufacturer documentation or remove,unsupported_pending_correction
https://everlasting-goods.com/articles/best-buy-it-for-life-cast-iron-dutch-ovens,Keep Browsing Full BIFL hub All articles More kitchen guides Table of Contents Why Good Cast Iron Dutch Ovens Last Top Pick: Lodge L8MD3 Pre-Seasoned Cast Iron Dutch Oven Value Pick: Le Creuset Signature Enameled Cast Iron 5-1/2 Qt Round French Oven Premium Pick: Cuisinart Chef's Connoisseur 5-Quart Round Dutch Oven Honorable Mention: Tramontina Cast Iron 5-Quart Round Dutch Oven Buying Guide: What to Look For Care &amp; Maintenance The Verdict Related Reading Frequently Asked Questions Related Articles Kitchen Best Peelers That Last for Years A great peeler is one of the cheapest upgrades in the kitchen.,specification,,,verify against current manufacturer documentation or remove,unsupported_pending_correction
https://everlasting-goods.com/articles/best-buy-it-for-life-cast-iron-dutch-ovens,"April 9, 2026 12 min read Kitchen Best Cast Iron Skillets That Last Forever A well-seasoned cast iron skillet is the ultimate buy-it-for-life kitchen essential.",specification,,,verify against current manufacturer documentation or remove,unsupported_pending_correction
https://everlasting-goods.com/articles/best-buy-it-for-life-cast-iron-dutch-ovens,"November 15, 2024 12 min read Kitchen Best Kitchen Knives That Last a Lifetime A great chef's knife is the most important tool in your kitchen.",warranty,,,verify against current manufacturer documentation or remove,unsupported_pending_correction
https://everlasting-goods.com/articles/best-buy-it-for-life-bath-towels,"Boll & Branch positions this towel around certified organic cotton, a plush hand, and substantial absorbency.",specification,,,verify against current manufacturer documentation or remove,unsupported_pending_correction
https://everlasting-goods.com/articles/best-buy-it-for-life-bath-towels,The tradeoff is slower drying and a higher price.,price,,,remove stated price or add dated approved source,unsupported_pending_correction
https://everlasting-goods.com/articles/best-buy-it-for-life-bath-towels,Check current price on Amazon → Value Pick: Cuddledown Turkish Cotton Bath Towel The Cuddledown Turkish Cotton Bath Towel is the ideal option for those looking to balance affordability with high-quality materials..,price,,,remove stated price or add dated approved source,unsupported_pending_correction
https://everlasting-goods.com/articles/best-buy-it-for-life-bath-towels,Check current price on Amazon → Premium Pick: Wamsutta 100% Cotton Bath Towel The Wamsutta 100% Cotton Bath Towel is the epitome of luxury and durability for those willing to invest in top-tier bath towels..,price,,,remove stated price or add dated approved source,unsupported_pending_correction
https://everlasting-goods.com/articles/best-buy-it-for-life-bath-towels,"While the price tag might seem steep at around $80 to $120, it's a small investment for something that will likely outlast many of your other household items.",price,,,remove stated price or add dated approved source,unsupported_pending_correction
https://everlasting-goods.com/articles/best-buy-it-for-life-bath-towels,"Check current price on Amazon → Buying Guide: What to Look For When you're in the market for a set of bath towels that will last you decades rather than just years, your approach needs to shift from quick convenience to long-term value.",price,,,remove stated price or add dated approved source,unsupported_pending_correction
https://everlasting-goods.com/articles/best-buy-it-for-life-bath-towels,"Additionally, consider brands with solid warranties or lifetime guarantees; this not only backs up the product's longevity claims but also suggests the manufacturer stands behind their craftmanship.",warranty,,,verify against current manufacturer documentation or remove,unsupported_pending_correction
https://everlasting-goods.com/articles/best-buy-it-for-life-bath-towels,Related Reading Best Cast Iron Skillets That Last Forever Best Buy It For Life Backpacks Best Leather Boots That Last 20 Years Frequently Asked Questions What makes bath towels buy-it-for-life?,specification,,,verify against current manufacturer documentation or remove,unsupported_pending_correction
https://everlasting-goods.com/articles/best-buy-it-for-life-desk-lamps,"Check current price on Amazon → Value Pick: Brightech Kasa Smart Desk Lamp The Brightech Kasa Smart Desk Lamp is the ideal balance between affordability and durability, offering smart features alongside robust build quality..",price,,,remove stated price or add dated approved source,unsupported_pending_correction
https://everlasting-goods.com/articles/best-buy-it-for-life-desk-lamps,"The Brightech Kasa offers a sturdy base, adjustable arm, dimming, and app-controlled schedules at a lower price.",price,,,remove stated price or add dated approved source,unsupported_pending_correction
https://everlasting-goods.com/articles/best-buy-it-for-life-desk-lamps,Check current price on Amazon → Premium Pick: Vansco LED Task Light The Vansco LED Task Light is the premium option for those who demand top-tier performance and durability in their desk lamps..,price,,,remove stated price or add dated approved source,unsupported_pending_correction
https://everlasting-goods.com/articles/best-buy-it-for-life-desk-lamps,"This thing isn't some flimsy gadget that'll break after six months of use; it’s built like a tank, with materials that feel substantial in your hand and an industrial look that screams quality.",testing_experience,,,remove or rewrite from cited evidence,unsupported_pending_correction
https://everlasting-goods.com/articles/best-buy-it-for-life-desk-lamps,"If you're someone who invests in tools and gadgets because you know how important quality is, this light is absolutely worth the $150-200 price tag.",price,,,remove stated price or add dated approved source,unsupported_pending_correction
https://everlasting-goods.com/articles/best-buy-it-for-life-desk-lamps,"Check current price on Amazon → Buying Guide: What to Look For When you're looking to invest in a desk lamp that will last you a lifetime, it's essential to consider more than just the initial price tag.",price,,,remove stated price or add dated approved source,unsupported_pending_correction
https://everlasting-goods.com/articles/best-buy-it-for-life-desk-lamps,A warranty is also key; it’s not just about getting your money back if something goes wrong in the first year—it’s about how well a company stands behind its product and supports customers over time.,warranty,,,verify against current manufacturer documentation or remove,unsupported_pending_correction
https://everlasting-goods.com/articles/best-buy-it-for-life-desk-lamps,"The Larson Electronics model might be a bit pricey upfront, but given its build quality and long-term reliability, it's definitely worth considering if you're looking for something that will last a lifetime.",warranty,,,verify against current manufacturer documentation or remove,unsupported_pending_correction
https://everlasting-goods.com/articles/best-buy-it-for-life-desk-lamps,Related Reading Best Cast Iron Skillets That Last Forever Best Buy It For Life Backpacks Best Leather Boots That Last 20 Years Frequently Asked Questions What makes desk lamps buy-it-for-life?,specification,,,verify against current manufacturer documentation or remove,unsupported_pending_correction
https://everlasting-goods.com/articles/best-buy-it-for-life-duffel-bags,What really sets this bag apart though is its lifetime warranty.,warranty,,,verify against current manufacturer documentation or remove,unsupported_pending_correction
https://everlasting-goods.com/articles/best-buy-it-for-life-duffel-bags,"This duffel bag features reinforced stitching, high-quality zippers, and a lifetime warranty, ensuring it remains functional even under extreme conditions.",warranty,,,verify against current manufacturer documentation or remove,unsupported_pending_correction
https://everlasting-goods.com/articles/best-buy-it-for-life-duffel-bags,"Check current price on Amazon → Value Pick: Thule Packable Duffel Bag The Thule Packable Duffel Bag is the perfect blend of affordability and durability, making it a great option for frequent travelers..",price,,,remove stated price or add dated approved source,unsupported_pending_correction
https://everlasting-goods.com/articles/best-buy-it-for-life-duffel-bags,"Plus, at around $80-120, it's not going to break the bank like some of those fancy designer options.",price,,,remove stated price or add dated approved source,unsupported_pending_correction
https://everlasting-goods.com/articles/best-buy-it-for-life-duffel-bags,Check current price on Amazon → Premium Pick: Osprey Farpoint Duffel 55 The Osprey Farpoint Duffel 55 is the top-tier option for those who demand the best in terms of quality and features..,price,,,remove stated price or add dated approved source,unsupported_pending_correction
https://everlasting-goods.com/articles/best-buy-it-for-life-duffel-bags,"It’s definitely an investment piece at around $200-300, but considering its quality and longevity, it’s worth every penny if you're looking for something that will stand the test of time.",price,,,remove stated price or add dated approved source,unsupported_pending_correction
https://everlasting-goods.com/articles/best-buy-it-for-life-duffel-bags,"Check current price on Amazon → Buying Guide: What to Look For When you're in the market for a duffel bag that's built to last a lifetime, there are a few key things to keep an eye out for.",price,,,remove stated price or add dated approved source,unsupported_pending_correction
https://everlasting-goods.com/articles/best-buy-it-for-life-duffel-bags,A warranty is also a big plus – look for brands offering comprehensive warranties that cover defects and material wear over extended periods.,warranty,,,verify against current manufacturer documentation or remove,unsupported_pending_correction
https://everlasting-goods.com/articles/best-buy-it-for-life-duffel-bags,"While there are plenty of good options out there like the Victorinox Duffle Bag and the Tumi Alpha 2 Duffel, they often come with premium price tags that don't always match their utility.",price,,,remove stated price or add dated approved source,unsupported_pending_correction
https://everlasting-goods.com/articles/best-buy-it-for-life-duffel-bags,Related Reading Best Cast Iron Skillets That Last Forever Best Buy It For Life Backpacks Best Leather Boots That Last 20 Years Frequently Asked Questions What makes duffel bags buy-it-for-life?,specification,,,verify against current manufacturer documentation or remove,unsupported_pending_correction
https://everlasting-goods.com/categories/kitchen,"April 9, 2026 12 min read Kitchen Best Cast Iron Skillets That Last Forever A well-seasoned cast iron skillet is the ultimate buy-it-for-life kitchen essential.",specification,,,verify against current manufacturer documentation or remove,unsupported_pending_correction
https://everlasting-goods.com/categories/kitchen,"November 15, 2024 12 min read Kitchen Best Kitchen Knives That Last a Lifetime A great chef's knife is the most important tool in your kitchen.",warranty,,,verify against current manufacturer documentation or remove,unsupported_pending_correction
https://everlasting-goods.com/categories/kitchen,"April 3, 2026 14 min read Kitchen Best Lodge Cast Iron Pieces: The Complete Collection Guide Discover the best Lodge cast iron cookware for your kitchen with this comprehensive guide.",specification,,,verify against current manufacturer documentation or remove,unsupported_pending_correction
https://everlasting-goods.com/categories/kitchen,"April 3, 2026 8 min read Kitchen Best Buy It For Life Chef's Knives: Professional Picks Discover the best chef’s knives that last a lifetime, perfect for professional kitchens and serious home cooks.",warranty,,,verify against current manufacturer documentation or remove,unsupported_pending_correction
https://everlasting-goods.com/categories/kitchen,"April 4, 2026 14 min read Kitchen Best Buy It For Life Coffee Grinders A great coffee grinder can last decades — or a lifetime.",warranty,,,verify against current manufacturer documentation or remove,unsupported_pending_correction
https://everlasting-goods.com/categories/kitchen,"April 15, 2026 10 min read Kitchen Best Stainless Steel Pots That Last Forever The only stainless steel pots worth buying — tri-ply construction, lifetime warranties, and actual durability tested by decades of home cooking.",warranty,,,verify against current manufacturer documentation or remove,unsupported_pending_correction
https://everlasting-goods.com/categories/kitchen,"April 18, 2026 8 min read Kitchen Best Toasters That Last a Lifetime Most toasters die in 2-3 years.",warranty,,,verify against current manufacturer documentation or remove,unsupported_pending_correction
https://everlasting-goods.com/categories/kitchen,"April 18, 2026 8 min read Kitchen Best Buy It For Life Cast Iron Dutch Ovens When it comes to kitchen essentials that truly stand the test of time, a high-quality cast iron Dutch oven is at the top of the list for Buy It For Life.",specification,,,verify against current manufacturer documentation or remove,unsupported_pending_correction
https://everlasting-goods.com/categories/kitchen,🍳 Lodge Lodge 12-Inch Cast Iron Skillet Verified product photo not yet loaded Lodge Lodge 12-Inch Cast Iron Skillet Pre-seasoned and ready to use right out of the box.,specification,,,verify against current manufacturer documentation or remove,unsupported_pending_correction
https://everlasting-goods.com/categories/kitchen,Lodge has been making cast iron in Tennessee since 1896.,specification,,,verify against current manufacturer documentation or remove,unsupported_pending_correction
https://everlasting-goods.com/categories/kitchen,"Price, availability, and customer reviews can change.",price,,,remove stated price or add dated approved source,unsupported_pending_correction
https://everlasting-goods.com/categories/kitchen,"Check Price on Amazon 🍳 Victorinox Victorinox Fibrox Pro 8"" Chef's Knife Verified product photo not yet loaded Victorinox Victorinox Fibrox Pro 8"" Chef's Knife The best chef's knife for 90% of home cooks.",price,,,remove stated price or add dated approved source,unsupported_pending_correction
https://everlasting-goods.com/categories/kitchen,"Check Price on Amazon E Everlasting Goods Evidence-led guides to durable, long-lasting products worth buying once.",price,,,remove stated price or add dated approved source,unsupported_pending_correction
https://everlasting-goods.com/categories/edc,"September 5, 2024 11 min read EDC Best Mechanical Watches That Last a Lifetime In an era of disposable electronics, a quality mechanical watch is a radical act.",warranty,,,verify against current manufacturer documentation or remove,unsupported_pending_correction
https://everlasting-goods.com/categories/edc,"April 3, 2026 16 min read EDC Best BIFL Wallets for Men: Leather Wallets That Age Beautifully Discover the best leather wallets for men that are built to last a lifetime.",warranty,,,verify against current manufacturer documentation or remove,unsupported_pending_correction
https://everlasting-goods.com/categories/edc,"April 3, 2026 14 min read EDC Best Stainless Steel Water Bottles That Last Forever Discover the best long-lasting stainless steel water bottles that are built to last forever.",specification,,,verify against current manufacturer documentation or remove,unsupported_pending_correction
https://everlasting-goods.com/categories/edc,"April 3, 2026 8 min read EDC Best Buy It For Life (BIFL) Everyday Carry Pens: Pens That Last a Lifetime Discover the top BIFL everyday carry pens with long-lasting durability and practicality.",warranty,,,verify against current manufacturer documentation or remove,unsupported_pending_correction
https://everlasting-goods.com/categories/edc,"April 11, 2026 13 min read EDC Best Dive Watches That Last a Lifetime Dive watches are the most overbuilt timepieces ever made.",warranty,,,verify against current manufacturer documentation or remove,unsupported_pending_correction
https://everlasting-goods.com/categories/edc,"April 17, 2026 11 min read EDC Best BIFL Watches Under $500 When it comes to buying a watch that you'll keep for years, investing in something made right from the start is crucial.",price,,,remove stated price or add dated approved source,unsupported_pending_correction
https://everlasting-goods.com/categories/edc,"Price, availability, and customer reviews can change.",price,,,remove stated price or add dated approved source,unsupported_pending_correction
https://everlasting-goods.com/categories/edc,"Check Price on Amazon E Everlasting Goods Evidence-led guides to durable, long-lasting products worth buying once.",price,,,remove stated price or add dated approved source,unsupported_pending_correction
https://everlasting-goods.com/categories/outdoor,"We compared materials, repair paths, warranties, and long-term owner reports across Gore-Tex, eVent, and waxed cotton shells.",specification,,,verify against current manufacturer documentation or remove,unsupported_pending_correction
https://everlasting-goods.com/categories/outdoor,🏔️ GORUCK GORUCK GR1 26L Verified product photo not yet loaded GORUCK GORUCK GR1 26L Built by Green Berets in the USA from 1000D Cordura.,specification,,,verify against current manufacturer documentation or remove,unsupported_pending_correction
https://everlasting-goods.com/categories/outdoor,"Price, availability, and customer reviews can change.",price,,,remove stated price or add dated approved source,unsupported_pending_correction
https://everlasting-goods.com/categories/outdoor,"Check Price on Amazon E Everlasting Goods Evidence-led guides to durable, long-lasting products worth buying once.",price,,,remove stated price or add dated approved source,unsupported_pending_correction
https://everlasting-goods.com/categories/clothing,"April 4, 2026 13 min read Clothing Best Leather Belts That Last a Lifetime We researched full-grain leather belts from Orion, Hanks, and Saddleback to find the ones that genuinely last decades.",warranty,,,verify against current manufacturer documentation or remove,unsupported_pending_correction
https://everlasting-goods.com/categories/clothing,"April 5, 2026 10 min read Clothing Best Darn Tough Socks: The Only Socks With a Lifetime Guarantee When it comes to choosing the right socks for your feet, especially if you're someone who spends a lot of time on them, be it hiking, running, or simply...",warranty,,,verify against current manufacturer documentation or remove,unsupported_pending_correction
https://everlasting-goods.com/categories/clothing,"Price, availability, and customer reviews can change.",price,,,remove stated price or add dated approved source,unsupported_pending_correction
https://everlasting-goods.com/categories/clothing,Check Price on Amazon 👢 Darn Tough Darn Tough Hiker Micro Crew Verified product photo not yet loaded Darn Tough Darn Tough Hiker Micro Crew Made in Vermont from premium Merino wool.,price,,,remove stated price or add dated approved source,unsupported_pending_correction
https://everlasting-goods.com/categories/clothing,"The unconditional lifetime warranty says it all — if these socks ever wear out, Darn Tough replaces them.",warranty,,,verify against current manufacturer documentation or remove,unsupported_pending_correction
https://everlasting-goods.com/categories/clothing,"Check Price on Amazon E Everlasting Goods Evidence-led guides to durable, long-lasting products worth buying once.",price,,,remove stated price or add dated approved source,unsupported_pending_correction
https://everlasting-goods.com/categories/tools,"Tools — Buy It For Life Tools Reviews | Everlasting Goods E Everlasting Goods Buy It For Life Articles Start Here Products Categories 🍳 Kitchen 🔦 EDC 🏔️ Outdoor 👢 Clothing 🔧 Tools 🏠 Home About 🔧 Category Tools Hand tools, power tools, and workshop essentials built for a lifetime.",warranty,,,verify against current manufacturer documentation or remove,unsupported_pending_correction
https://everlasting-goods.com/categories/tools,Open the BIFL hub Browse all articles Tools Articles Tools Best Estwing Hammers That Last a Lifetime Estwing keeps showing up in real-world longevity threads because one-piece steel hammers are brutally hard to kill.,warranty,,,verify against current manufacturer documentation or remove,unsupported_pending_correction
https://everlasting-goods.com/categories/home,"April 8, 2026 14 min read Home Best Buy It For Life Gifts Under $50: Quality Picks That Last Discover our top picks for durable gifts under $50, including knives, pens, socks, cookware, and water bottles that promise longevity and quality.",price,,,remove stated price or add dated approved source,unsupported_pending_correction
https://everlasting-goods.com/categories/home,"April 3, 2026 8 min read Home Best Safety Razors That Last a Lifetime An evidence-led guide to durable safety razors, comparing head design, materials, maintenance, and manufacturer documentation.",warranty,,,verify against current manufacturer documentation or remove,unsupported_pending_correction
https://everlasting-goods.com/categories/home,"April 11, 2026 12 min read Home Best Office Chairs That Actually Last A good office chair is one of the highest-return purchases you can make because your back will use it far more than your wallet will remember the price.",price,,,remove stated price or add dated approved source,unsupported_pending_correction
https://everlasting-goods.com/categories/home,"April 11, 2026 11 min read Home Best Buy It For Life Alarm Clocks When it comes to waking up every day, you might think a $10 alarm clock from your local store would do just fine.",price,,,remove stated price or add dated approved source,unsupported_pending_correction
https://everlasting-goods.com/articles/best-thermal-shock-resistant-glass-drink-dispensers-that-hold-up,Legacy source author field: James Chen,author_identity,,,normalize source field and all rendered/structured bylines to Everlasting Goods Editorial Team,correction_required
https://everlasting-goods.com/articles/best-reclining-couches-that-actually-last,Legacy source author field: Sarah Mitchell,author_identity,,,normalize source field and all rendered/structured bylines to Everlasting Goods Editorial Team,correction_required
https://everlasting-goods.com/articles/best-watches-to-mark-a-major-milestone,Legacy source author field: Alex Nakamura,author_identity,,,normalize source field and all rendered/structured bylines to Everlasting Goods Editorial Team,correction_required
https://everlasting-goods.com/articles/best-buy-it-for-life-japan-picks,Legacy source author field: Sarah Mitchell,author_identity,,,normalize source field and all rendered/structured bylines to Everlasting Goods Editorial Team,correction_required
https://everlasting-goods.com/articles/best-e-readers-that-actually-last,Legacy source author field: Alex Nakamura,author_identity,,,normalize source field and all rendered/structured bylines to Everlasting Goods Editorial Team,correction_required
https://everlasting-goods.com/articles/best-peelers-that-last-for-years,Legacy source author field: James Chen,author_identity,,,normalize source field and all rendered/structured bylines to Everlasting Goods Editorial Team,correction_required
https://everlasting-goods.com/articles/best-bifl-gifts-for-children-that-last,Legacy source author field: James Chen,author_identity,,,normalize source field and all rendered/structured bylines to Everlasting Goods Editorial Team,correction_required
https://everlasting-goods.com/articles/best-estwing-hammers-that-last-a-lifetime,Legacy source author field: Marcus Rivera,author_identity,,,normalize source field and all rendered/structured bylines to Everlasting Goods Editorial Team,correction_required
https://everlasting-goods.com/articles/best-faucet-brands-that-actually-last,Legacy source author field: Sarah Mitchell,author_identity,,,normalize source field and all rendered/structured bylines to Everlasting Goods Editorial Team,correction_required
https://everlasting-goods.com/articles/best-cast-iron-skillets-that-last-forever,Legacy source author field: James Chen,author_identity,,,normalize source field and all rendered/structured bylines to Everlasting Goods Editorial Team,correction_required
https://everlasting-goods.com/articles/best-buy-it-for-life-backpacks,Legacy source author field: Sarah Mitchell,author_identity,,,normalize source field and all rendered/structured bylines to Everlasting Goods Editorial Team,correction_required
https://everlasting-goods.com/articles/best-kitchen-knives-that-last-a-lifetime,Legacy source author field: James Chen,author_identity,,,normalize source field and all rendered/structured bylines to Everlasting Goods Editorial Team,correction_required
https://everlasting-goods.com/articles/best-leather-boots-that-last-20-years,Legacy source author field: Marcus Rivera,author_identity,,,normalize source field and all rendered/structured bylines to Everlasting Goods Editorial Team,correction_required
https://everlasting-goods.com/articles/best-edc-flashlights-that-last-forever,Legacy source author field: Alex Nakamura,author_identity,,,normalize source field and all rendered/structured bylines to Everlasting Goods Editorial Team,correction_required
https://everlasting-goods.com/articles/best-dutch-ovens-that-last-forever,Legacy source author field: James Chen,author_identity,,,normalize source field and all rendered/structured bylines to Everlasting Goods Editorial Team,correction_required
https://everlasting-goods.com/articles/best-mechanical-watches-that-last-a-lifetime,Legacy source author field: Alex Nakamura,author_identity,,,normalize source field and all rendered/structured bylines to Everlasting Goods Editorial Team,correction_required
https://everlasting-goods.com/articles/best-woodworking-hand-tools-that-last-forever,Legacy source author field: Marcus Rivera,author_identity,,,normalize source field and all rendered/structured bylines to Everlasting Goods Editorial Team,correction_required
https://everlasting-goods.com/articles/best-lodge-cast-iron-pieces-the-complete-collection-guide,Legacy source author field: James Cooper,author_identity,,,normalize source field and all rendered/structured bylines to Everlasting Goods Editorial Team,correction_required
https://everlasting-goods.com/articles/best-bifl-wallets-for-men-leather-wallets-that-age-beautifully,Legacy source author field: James Chen,author_identity,,,normalize source field and all rendered/structured bylines to Everlasting Goods Editorial Team,correction_required
https://everlasting-goods.com/articles/best-buy-it-for-life-rain-jackets,Legacy source author field: James Chen,author_identity,,,normalize source field and all rendered/structured bylines to Everlasting Goods Editorial Team,correction_required
https://everlasting-goods.com/articles/best-stainless-steel-water-bottles-that-last-forever,Legacy source author field: Sarah Mitchell,author_identity,,,normalize source field and all rendered/structured bylines to Everlasting Goods Editorial Team,correction_required
https://everlasting-goods.com/articles/best-buy-it-for-life-gifts-under-50-quality-picks-that-last,Legacy source author field: James Cooper,author_identity,,,normalize source field and all rendered/structured bylines to Everlasting Goods Editorial Team,correction_required
https://everlasting-goods.com/articles/best-red-wing-boots-a-complete-buyer-s-guide,Legacy source author field: Marcus Rivera,author_identity,,,normalize source field and all rendered/structured bylines to Everlasting Goods Editorial Team,correction_required
https://everlasting-goods.com/articles/best-buy-it-for-life-chef-s-knives-professional-picks,Legacy source author field: Elena Torres,author_identity,,,normalize source field and all rendered/structured bylines to Everlasting Goods Editorial Team,correction_required
https://everlasting-goods.com/articles/best-buy-it-for-life-bifl-everyday-carry-pens-pens-that-last-a-lifetime,Legacy source author field: David Park,author_identity,,,normalize source field and all rendered/structured bylines to Everlasting Goods Editorial Team,correction_required
https://everlasting-goods.com/articles/best-safety-razors-that-last-a-lifetime,Legacy source author field: James Chen,author_identity,,,normalize source field and all rendered/structured bylines to Everlasting Goods Editorial Team,correction_required
https://everlasting-goods.com/articles/best-stand-mixers-that-last-20-years,Legacy source author field: James Chen,author_identity,,,normalize source field and all rendered/structured bylines to Everlasting Goods Editorial Team,correction_required
https://everlasting-goods.com/articles/best-buy-it-for-life-denim-jeans,Legacy source author field: James Chen,author_identity,,,normalize source field and all rendered/structured bylines to Everlasting Goods Editorial Team,correction_required
https://everlasting-goods.com/articles/best-leather-belts-that-last-a-lifetime,Legacy source author field: James Chen,author_identity,,,normalize source field and all rendered/structured bylines to Everlasting Goods Editorial Team,correction_required
https://everlasting-goods.com/articles/best-bifl-wool-blankets-and-throws,Legacy source author field: James Chen,author_identity,,,normalize source field and all rendered/structured bylines to Everlasting Goods Editorial Team,correction_required
https://everlasting-goods.com/articles/best-bifl-pocket-knives-for-everyday-carry,Legacy source author field: James Chen,author_identity,,,normalize source field and all rendered/structured bylines to Everlasting Goods Editorial Team,correction_required
https://everlasting-goods.com/articles/best-merino-wool-base-layers-that-last,Legacy source author field: James Chen,author_identity,,,normalize source field and all rendered/structured bylines to Everlasting Goods Editorial Team,correction_required
https://everlasting-goods.com/articles/best-bifl-garden-tools-that-last-decades,Legacy source author field: James Chen,author_identity,,,normalize source field and all rendered/structured bylines to Everlasting Goods Editorial Team,correction_required
https://everlasting-goods.com/articles/best-darn-tough-socks-the-only-socks-with-a-lifetime-guarantee,Legacy source author field: James Chen,author_identity,,,normalize source field and all rendered/structured bylines to Everlasting Goods Editorial Team,correction_required
https://everlasting-goods.com/articles/best-buy-it-for-life-umbrellas,Legacy source author field: James Chen,author_identity,,,normalize source field and all rendered/structured bylines to Everlasting Goods Editorial Team,correction_required
https://everlasting-goods.com/articles/best-unsexy-quality-of-life-upgrades-that-are-worth-every-penny,Legacy source author field: James Chen,author_identity,,,normalize source field and all rendered/structured bylines to Everlasting Goods Editorial Team,correction_required
https://everlasting-goods.com/articles/best-milestone-watches-for-life-events,Legacy source author field: Alex Nakamura,author_identity,,,normalize source field and all rendered/structured bylines to Everlasting Goods Editorial Team,correction_required
https://everlasting-goods.com/articles/best-office-chairs-that-actually-last,Legacy source author field: Sarah Mitchell,author_identity,,,normalize source field and all rendered/structured bylines to Everlasting Goods Editorial Team,correction_required
https://everlasting-goods.com/articles/best-vacuum-cleaners-that-last-20-years,Legacy source author field: James Chen,author_identity,,,normalize source field and all rendered/structured bylines to Everlasting Goods Editorial Team,correction_required
https://everlasting-goods.com/articles/best-buy-it-for-life-coffee-grinders,Legacy source author field: James Chen,author_identity,,,normalize source field and all rendered/structured bylines to Everlasting Goods Editorial Team,correction_required
https://everlasting-goods.com/articles/best-dive-watches-that-last-a-lifetime,Legacy source author field: Marcus Webb,author_identity,,,normalize source field and all rendered/structured bylines to Everlasting Goods Editorial Team,correction_required
https://everlasting-goods.com/articles/best-bifl-food-storage-containers,Legacy source author field: Sarah Mitchell,author_identity,,,normalize source field and all rendered/structured bylines to Everlasting Goods Editorial Team,correction_required
https://everlasting-goods.com/articles/best-bifl-tool-sets-for-home-repair,Legacy source author field: James Chen,author_identity,,,normalize source field and all rendered/structured bylines to Everlasting Goods Editorial Team,correction_required
https://everlasting-goods.com/articles/best-bifl-travel-luggage-and-suitcases,Legacy source author field: James Chen,author_identity,,,normalize source field and all rendered/structured bylines to Everlasting Goods Editorial Team,correction_required
https://everlasting-goods.com/articles/best-bifl-watches-under-500,Legacy source author field: James Chen,author_identity,,,normalize source field and all rendered/structured bylines to Everlasting Goods Editorial Team,correction_required
https://everlasting-goods.com/articles/best-stainless-steel-pots-that-last-forever,Legacy source author field: Holmes,author_identity,,,normalize source field and all rendered/structured bylines to Everlasting Goods Editorial Team,correction_required
https://everlasting-goods.com/articles/best-bifl-sandals-that-actually-last,Legacy source author field: Holmes,author_identity,,,normalize source field and all rendered/structured bylines to Everlasting Goods Editorial Team,correction_required
https://everlasting-goods.com/articles/best-toasters-that-last-a-lifetime,Legacy source author field: Holmes,author_identity,,,normalize source field and all rendered/structured bylines to Everlasting Goods Editorial Team,correction_required
https://everlasting-goods.com/articles/best-buy-it-for-life-alarm-clocks,Legacy source author field: James Chen,author_identity,,,normalize source field and all rendered/structured bylines to Everlasting Goods Editorial Team,correction_required
https://everlasting-goods.com/articles/best-buy-it-for-life-aprons-for-cooking-and-shop-work,Legacy source author field: James Chen,author_identity,,,normalize source field and all rendered/structured bylines to Everlasting Goods Editorial Team,correction_required
https://everlasting-goods.com/articles/best-buy-it-for-life-cast-iron-dutch-ovens,Legacy source author field: James Chen,author_identity,,,normalize source field and all rendered/structured bylines to Everlasting Goods Editorial Team,correction_required
https://everlasting-goods.com/articles/best-buy-it-for-life-bath-towels,Legacy source author field: James Chen,author_identity,,,normalize source field and all rendered/structured bylines to Everlasting Goods Editorial Team,correction_required
https://everlasting-goods.com/articles/best-buy-it-for-life-desk-lamps,Legacy source author field: James Chen,author_identity,,,normalize source field and all rendered/structured bylines to Everlasting Goods Editorial Team,correction_required
https://everlasting-goods.com/articles/best-buy-it-for-life-duffel-bags,Legacy source author field: James Chen,author_identity,,,normalize source field and all rendered/structured bylines to Everlasting Goods Editorial Team,correction_required
