url,asset_or_link,class,http_status,action,status
https://everlasting-goods.com/products,https://www.amazon.com/dp/B00006JSUA?tag=everlastin08f-20,amazon_exact_or_unconfirmed,not_requested_amazon_blocks_automation,verify exact model and live ASIN,audit_required
https://everlasting-goods.com/products,https://www.amazon.com/dp/B01N1URQBP?tag=everlastin08f-20,amazon_exact_or_unconfirmed,not_requested_amazon_blocks_automation,verify exact model and live ASIN,audit_required
https://everlasting-goods.com/products,https://www.amazon.com/dp/B001IOEQH8?tag=everlastin08f-20,amazon_exact_or_unconfirmed,not_requested_amazon_blocks_automation,verify exact model and live ASIN,audit_required
https://everlasting-goods.com/products,https://www.amazon.com/dp/B008M5U1C2?tag=everlastin08f-20,amazon_exact_or_unconfirmed,not_requested_amazon_blocks_automation,verify exact model and live ASIN,audit_required
https://everlasting-goods.com/products,https://www.amazon.com/dp/B09M8WYN9X?tag=everlastin08f-20,amazon_exact_or_unconfirmed,not_requested_amazon_blocks_automation,verify exact model and live ASIN,audit_required
https://everlasting-goods.com/products,https://www.amazon.com/dp/B074CJN4BH?tag=everlastin08f-20,amazon_exact_or_unconfirmed,not_requested_amazon_blocks_automation,verify exact model and live ASIN,audit_required
https://everlasting-goods.com/products,Verified product photo not yet loaded,photo_placeholder,n/a,remove unverified directory entry until legal image exists,correction_required
https://everlasting-goods.com/articles/best-thermal-shock-resistant-glass-drink-dispensers-that-hold-up,https://www.amazon.com/s?k=Hario+heatproof+glass+pitcher&%3Btag=everlastin08f-20&tag=everlastin08f-20,amazon_search_result,not_requested_amazon_blocks_automation,remove recommendation or verify exact model,correction_required
https://everlasting-goods.com/articles/best-thermal-shock-resistant-glass-drink-dispensers-that-hold-up,https://www.amazon.com/s?k=borosilicate+glass+drink+dispenser+with+spigot&%3Btag=everlastin08f-20&tag=everlastin08f-20,amazon_search_result,not_requested_amazon_blocks_automation,remove recommendation or verify exact model,correction_required
https://everlasting-goods.com/articles/best-thermal-shock-resistant-glass-drink-dispensers-that-hold-up,https://www.amazon.com/s?k=Anchor+Hocking+beverage+dispenser&%3Btag=everlastin08f-20&tag=everlastin08f-20,amazon_search_result,not_requested_amazon_blocks_automation,remove recommendation or verify exact model,correction_required
https://everlasting-goods.com/articles/best-thermal-shock-resistant-glass-drink-dispensers-that-hold-up,https://www.amazon.com/s?k=Circleware+glass+beverage+dispenser&%3Btag=everlastin08f-20&tag=everlastin08f-20,amazon_search_result,not_requested_amazon_blocks_automation,remove recommendation or verify exact model,correction_required
https://everlasting-goods.com/articles/best-thermal-shock-resistant-glass-drink-dispensers-that-hold-up,https://www.amazon.com/s?k=borosilicate+glass+tea+dispenser+with+spigot&%3Btag=everlastin08f-20&tag=everlastin08f-20,amazon_search_result,not_requested_amazon_blocks_automation,remove recommendation or verify exact model,correction_required
https://everlasting-goods.com/articles/best-thermal-shock-resistant-glass-drink-dispensers-that-hold-up,https://www.amazon.com/s?k=Hario+heatproof+glass+pitcher&%3Btag=everlastin08f-20&tag=everlastin08f-20,amazon_search_result,not_requested_amazon_blocks_automation,remove recommendation or verify exact model,correction_required
https://everlasting-goods.com/articles/best-thermal-shock-resistant-glass-drink-dispensers-that-hold-up,https://www.amazon.com/s?k=borosilicate+glass+drink+dispenser+with+spigot&%3Btag=everlastin08f-20&tag=everlastin08f-20,amazon_search_result,not_requested_amazon_blocks_automation,remove recommendation or verify exact model,correction_required
https://everlasting-goods.com/articles/best-reclining-couches-that-actually-last,https://www.amazon.com/s?k=La-Z-Boy+reclining+sofa&%3Btag=everlastin08f-20&tag=everlastin08f-20,amazon_search_result,not_requested_amazon_blocks_automation,remove recommendation or verify exact model,correction_required
https://everlasting-goods.com/articles/best-reclining-couches-that-actually-last,https://www.amazon.com/s?k=Stressless+reclining+sofa&%3Btag=everlastin08f-20&tag=everlastin08f-20,amazon_search_result,not_requested_amazon_blocks_automation,remove recommendation or verify exact model,correction_required
https://everlasting-goods.com/articles/best-reclining-couches-that-actually-last,https://www.amazon.com/s?k=American+Leather+motion+sofa&%3Btag=everlastin08f-20&tag=everlastin08f-20,amazon_search_result,not_requested_amazon_blocks_automation,remove recommendation or verify exact model,correction_required
https://everlasting-goods.com/articles/best-reclining-couches-that-actually-last,https://www.amazon.com/s?k=Flexsteel+reclining+sofa&%3Btag=everlastin08f-20&tag=everlastin08f-20,amazon_search_result,not_requested_amazon_blocks_automation,remove recommendation or verify exact model,correction_required
https://everlasting-goods.com/articles/best-reclining-couches-that-actually-last,https://www.amazon.com/s?k=La-Z-Boy+reclining+sofa&%3Btag=everlastin08f-20&tag=everlastin08f-20,amazon_search_result,not_requested_amazon_blocks_automation,remove recommendation or verify exact model,correction_required
https://everlasting-goods.com/articles/best-reclining-couches-that-actually-last,https://www.amazon.com/s?k=American+Leather+motion+sofa&%3Btag=everlastin08f-20&tag=everlastin08f-20,amazon_search_result,not_requested_amazon_blocks_automation,remove recommendation or verify exact model,correction_required
https://everlasting-goods.com/articles/best-reclining-couches-that-actually-last,https://www.amazon.com/s?k=Stressless+reclining+sofa&%3Btag=everlastin08f-20&tag=everlastin08f-20,amazon_search_result,not_requested_amazon_blocks_automation,remove recommendation or verify exact model,correction_required
https://everlasting-goods.com/articles/best-watches-to-mark-a-major-milestone,https://www.amazon.com/s?k=Seiko+Alpinist&%3Btag=everlastin08f-20&tag=everlastin08f-20,amazon_search_result,not_requested_amazon_blocks_automation,remove recommendation or verify exact model,correction_required
https://everlasting-goods.com/articles/best-watches-to-mark-a-major-milestone,https://www.amazon.com/s?k=Hamilton+Khaki+Field+Automatic&%3Btag=everlastin08f-20&tag=everlastin08f-20,amazon_search_result,not_requested_amazon_blocks_automation,remove recommendation or verify exact model,correction_required
https://everlasting-goods.com/articles/best-watches-to-mark-a-major-milestone,https://www.amazon.com/s?k=Longines+Spirit+37&%3Btag=everlastin08f-20&tag=everlastin08f-20,amazon_search_result,not_requested_amazon_blocks_automation,remove recommendation or verify exact model,correction_required
https://everlasting-goods.com/articles/best-watches-to-mark-a-major-milestone,https://www.amazon.com/s?k=Omega+Aqua+Terra&%3Btag=everlastin08f-20&tag=everlastin08f-20,amazon_search_result,not_requested_amazon_blocks_automation,remove recommendation or verify exact model,correction_required
https://everlasting-goods.com/articles/best-watches-to-mark-a-major-milestone,https://www.amazon.com/s?k=Casio+G-Shock+GW-M5610U&%3Btag=everlastin08f-20&tag=everlastin08f-20,amazon_search_result,not_requested_amazon_blocks_automation,remove recommendation or verify exact model,correction_required
https://everlasting-goods.com/articles/best-watches-to-mark-a-major-milestone,https://www.amazon.com/s?k=Hamilton+Khaki+Field+Automatic&%3Btag=everlastin08f-20&tag=everlastin08f-20,amazon_search_result,not_requested_amazon_blocks_automation,remove recommendation or verify exact model,correction_required
https://everlasting-goods.com/articles/best-watches-to-mark-a-major-milestone,https://www.amazon.com/s?k=Seiko+Alpinist&%3Btag=everlastin08f-20&tag=everlastin08f-20,amazon_search_result,not_requested_amazon_blocks_automation,remove recommendation or verify exact model,correction_required
https://everlasting-goods.com/articles/best-watches-to-mark-a-major-milestone,https://www.amazon.com/s?k=Longines+Spirit+37&%3Btag=everlastin08f-20&tag=everlastin08f-20,amazon_search_result,not_requested_amazon_blocks_automation,remove recommendation or verify exact model,correction_required
https://everlasting-goods.com/articles/best-watches-to-mark-a-major-milestone,https://www.amazon.com/s?k=Omega+Aqua+Terra&%3Btag=everlastin08f-20&tag=everlastin08f-20,amazon_search_result,not_requested_amazon_blocks_automation,remove recommendation or verify exact model,correction_required
https://everlasting-goods.com/articles/best-watches-to-mark-a-major-milestone,https://www.amazon.com/s?k=Casio+G-Shock+GW-M5610U&%3Btag=everlastin08f-20&tag=everlastin08f-20,amazon_search_result,not_requested_amazon_blocks_automation,remove recommendation or verify exact model,correction_required
https://everlasting-goods.com/articles/best-buy-it-for-life-japan-picks,https://www.amazon.com/s?k=Zojirushi+stainless+mug&%3Btag=everlastin08f-20&tag=everlastin08f-20,amazon_search_result,not_requested_amazon_blocks_automation,remove recommendation or verify exact model,correction_required
https://everlasting-goods.com/articles/best-buy-it-for-life-japan-picks,https://www.amazon.com/s?k=Feather+nail+clipper+japan&%3Btag=everlastin08f-20&tag=everlastin08f-20,amazon_search_result,not_requested_amazon_blocks_automation,remove recommendation or verify exact model,correction_required
https://everlasting-goods.com/articles/best-buy-it-for-life-japan-picks,https://www.amazon.com/s?k=Kai+kitchen+shears+japan&%3Btag=everlastin08f-20&tag=everlastin08f-20,amazon_search_result,not_requested_amazon_blocks_automation,remove recommendation or verify exact model,correction_required
https://everlasting-goods.com/articles/best-buy-it-for-life-japan-picks,https://www.amazon.com/s?k=Snow+Peak+titanium+mug&%3Btag=everlastin08f-20&tag=everlastin08f-20,amazon_search_result,not_requested_amazon_blocks_automation,remove recommendation or verify exact model,correction_required
https://everlasting-goods.com/articles/best-buy-it-for-life-japan-picks,https://www.amazon.com/s?k=Pilot+Custom+74&%3Btag=everlastin08f-20&tag=everlastin08f-20,amazon_search_result,not_requested_amazon_blocks_automation,remove recommendation or verify exact model,correction_required
https://everlasting-goods.com/articles/best-buy-it-for-life-japan-picks,https://www.amazon.com/s?k=Seiko+5+automatic+watch&%3Btag=everlastin08f-20&tag=everlastin08f-20,amazon_search_result,not_requested_amazon_blocks_automation,remove recommendation or verify exact model,correction_required
https://everlasting-goods.com/articles/best-buy-it-for-life-japan-picks,https://www.amazon.com/s?k=Seiko+Prospex+automatic+watch&%3Btag=everlastin08f-20&tag=everlastin08f-20,amazon_search_result,not_requested_amazon_blocks_automation,remove recommendation or verify exact model,correction_required
https://everlasting-goods.com/articles/best-buy-it-for-life-japan-picks,https://www.amazon.com/s?k=Zojirushi+rice+cooker&%3Btag=everlastin08f-20&tag=everlastin08f-20,amazon_search_result,not_requested_amazon_blocks_automation,remove recommendation or verify exact model,correction_required
https://everlasting-goods.com/articles/best-buy-it-for-life-japan-picks,https://www.amazon.com/s?k=Tiger+rice+cooker&%3Btag=everlastin08f-20&tag=everlastin08f-20,amazon_search_result,not_requested_amazon_blocks_automation,remove recommendation or verify exact model,correction_required
https://everlasting-goods.com/articles/best-buy-it-for-life-japan-picks,https://www.amazon.com/s?k=Zojirushi+stainless+mug&%3Btag=everlastin08f-20&tag=everlastin08f-20,amazon_search_result,not_requested_amazon_blocks_automation,remove recommendation or verify exact model,correction_required
https://everlasting-goods.com/articles/best-buy-it-for-life-japan-picks,https://www.amazon.com/s?k=Kai+kitchen+shears+japan&%3Btag=everlastin08f-20&tag=everlastin08f-20,amazon_search_result,not_requested_amazon_blocks_automation,remove recommendation or verify exact model,correction_required
https://everlasting-goods.com/articles/best-buy-it-for-life-japan-picks,https://www.amazon.com/s?k=Feather+nail+clipper+japan&%3Btag=everlastin08f-20&tag=everlastin08f-20,amazon_search_result,not_requested_amazon_blocks_automation,remove recommendation or verify exact model,correction_required
https://everlasting-goods.com/articles/best-buy-it-for-life-japan-picks,https://www.amazon.com/s?k=Pilot+Custom+74&%3Btag=everlastin08f-20&tag=everlastin08f-20,amazon_search_result,not_requested_amazon_blocks_automation,remove recommendation or verify exact model,correction_required
https://everlasting-goods.com/articles/best-e-readers-that-actually-last,https://www.amazon.com/s?k=Kindle+Paperwhite&%3Btag=everlastin08f-20&tag=everlastin08f-20,amazon_search_result,not_requested_amazon_blocks_automation,remove recommendation or verify exact model,correction_required
https://everlasting-goods.com/articles/best-e-readers-that-actually-last,https://www.amazon.com/s?k=Kindle+Basic&%3Btag=everlastin08f-20&tag=everlastin08f-20,amazon_search_result,not_requested_amazon_blocks_automation,remove recommendation or verify exact model,correction_required
https://everlasting-goods.com/articles/best-e-readers-that-actually-last,https://www.amazon.com/s?k=Kobo+Libra+Colour&%3Btag=everlastin08f-20&tag=everlastin08f-20,amazon_search_result,not_requested_amazon_blocks_automation,remove recommendation or verify exact model,correction_required
https://everlasting-goods.com/articles/best-e-readers-that-actually-last,https://www.amazon.com/s?k=Kobo+Clara+BW&%3Btag=everlastin08f-20&tag=everlastin08f-20,amazon_search_result,not_requested_amazon_blocks_automation,remove recommendation or verify exact model,correction_required
https://everlasting-goods.com/articles/best-e-readers-that-actually-last,https://www.amazon.com/s?k=BOOX+Page&%3Btag=everlastin08f-20&tag=everlastin08f-20,amazon_search_result,not_requested_amazon_blocks_automation,remove recommendation or verify exact model,correction_required
https://everlasting-goods.com/articles/best-e-readers-that-actually-last,https://www.amazon.com/s?k=Kindle+Paperwhite+case&%3Btag=everlastin08f-20&tag=everlastin08f-20,amazon_search_result,not_requested_amazon_blocks_automation,remove recommendation or verify exact model,correction_required
https://everlasting-goods.com/articles/best-e-readers-that-actually-last,https://www.amazon.com/s?k=Kobo+Libra+case&%3Btag=everlastin08f-20&tag=everlastin08f-20,amazon_search_result,not_requested_amazon_blocks_automation,remove recommendation or verify exact model,correction_required
https://everlasting-goods.com/articles/best-e-readers-that-actually-last,https://www.amazon.com/s?k=Kindle+Paperwhite&%3Btag=everlastin08f-20&tag=everlastin08f-20,amazon_search_result,not_requested_amazon_blocks_automation,remove recommendation or verify exact model,correction_required
https://everlasting-goods.com/articles/best-e-readers-that-actually-last,https://www.amazon.com/s?k=Kindle+Basic&%3Btag=everlastin08f-20&tag=everlastin08f-20,amazon_search_result,not_requested_amazon_blocks_automation,remove recommendation or verify exact model,correction_required
https://everlasting-goods.com/articles/best-peelers-that-last-for-years,https://www.amazon.com/s?k=Kyocera+ceramic+Y+peeler&%3Btag=everlastin08f-20&tag=everlastin08f-20,amazon_search_result,not_requested_amazon_blocks_automation,remove recommendation or verify exact model,correction_required
https://everlasting-goods.com/articles/best-peelers-that-last-for-years,https://www.amazon.com/s?k=Kuhn+Rikon+Original+Swiss+Peeler&%3Btag=everlastin08f-20&tag=everlastin08f-20,amazon_search_result,not_requested_amazon_blocks_automation,remove recommendation or verify exact model,correction_required
https://everlasting-goods.com/articles/best-peelers-that-last-for-years,https://www.amazon.com/s?k=OXO+Good+Grips+Y+Peeler&%3Btag=everlastin08f-20&tag=everlastin08f-20,amazon_search_result,not_requested_amazon_blocks_automation,remove recommendation or verify exact model,correction_required
https://everlasting-goods.com/articles/best-peelers-that-last-for-years,https://www.amazon.com/s?k=Linden+Sweden+Original+Jonas+Peeler&%3Btag=everlastin08f-20&tag=everlastin08f-20,amazon_search_result,not_requested_amazon_blocks_automation,remove recommendation or verify exact model,correction_required
https://everlasting-goods.com/articles/best-peelers-that-last-for-years,https://www.amazon.com/s?k=Spring+Chef+swivel+peeler&%3Btag=everlastin08f-20&tag=everlastin08f-20,amazon_search_result,not_requested_amazon_blocks_automation,remove recommendation or verify exact model,correction_required
https://everlasting-goods.com/articles/best-peelers-that-last-for-years,https://www.amazon.com/s?k=Kyocera+ceramic+Y+peeler&%3Btag=everlastin08f-20&tag=everlastin08f-20,amazon_search_result,not_requested_amazon_blocks_automation,remove recommendation or verify exact model,correction_required
https://everlasting-goods.com/articles/best-peelers-that-last-for-years,https://www.amazon.com/s?k=Kuhn+Rikon+Original+Swiss+Peeler&%3Btag=everlastin08f-20&tag=everlastin08f-20,amazon_search_result,not_requested_amazon_blocks_automation,remove recommendation or verify exact model,correction_required
https://everlasting-goods.com/articles/best-peelers-that-last-for-years,https://www.amazon.com/s?k=OXO+Good+Grips+Y+Peeler&%3Btag=everlastin08f-20&tag=everlastin08f-20,amazon_search_result,not_requested_amazon_blocks_automation,remove recommendation or verify exact model,correction_required
https://everlasting-goods.com/articles/best-bifl-gifts-for-children-that-last,https://www.amazon.com/s?k=wooden+blocks+set&%3Btag=everlastin08f-20&tag=everlastin08f-20,amazon_search_result,not_requested_amazon_blocks_automation,remove recommendation or verify exact model,correction_required
https://everlasting-goods.com/articles/best-bifl-gifts-for-children-that-last,https://www.amazon.com/s?k=BRIO+wooden+train+set&%3Btag=everlastin08f-20&tag=everlastin08f-20,amazon_search_result,not_requested_amazon_blocks_automation,remove recommendation or verify exact model,correction_required
https://everlasting-goods.com/articles/best-bifl-gifts-for-children-that-last,https://www.amazon.com/s?k=LEGO+classic+creative+brick+box&%3Btag=everlastin08f-20&tag=everlastin08f-20,amazon_search_result,not_requested_amazon_blocks_automation,remove recommendation or verify exact model,correction_required
https://everlasting-goods.com/articles/best-bifl-gifts-for-children-that-last,https://www.amazon.com/s?k=Radio+Flyer+wagon&%3Btag=everlastin08f-20&tag=everlastin08f-20,amazon_search_result,not_requested_amazon_blocks_automation,remove recommendation or verify exact model,correction_required
https://everlasting-goods.com/articles/best-bifl-gifts-for-children-that-last,https://www.amazon.com/s?k=kidkraft+bookshelf+hardwood&%3Btag=everlastin08f-20&tag=everlastin08f-20,amazon_search_result,not_requested_amazon_blocks_automation,remove recommendation or verify exact model,correction_required
https://everlasting-goods.com/articles/best-estwing-hammers-that-last-a-lifetime,https://www.amazon.com/s?k=Estwing+E3-16C+claw+hammer&%3Btag=everlastin08f-20&tag=everlastin08f-20,amazon_search_result,not_requested_amazon_blocks_automation,remove recommendation or verify exact model,correction_required
https://everlasting-goods.com/articles/best-estwing-hammers-that-last-a-lifetime,https://www.amazon.com/s?k=Estwing+rip+hammer&%3Btag=everlastin08f-20&tag=everlastin08f-20,amazon_search_result,not_requested_amazon_blocks_automation,remove recommendation or verify exact model,correction_required
https://everlasting-goods.com/articles/best-estwing-hammers-that-last-a-lifetime,https://www.amazon.com/s?k=Estwing+framing+hammer&%3Btag=everlastin08f-20&tag=everlastin08f-20,amazon_search_result,not_requested_amazon_blocks_automation,remove recommendation or verify exact model,correction_required
https://everlasting-goods.com/articles/best-estwing-hammers-that-last-a-lifetime,https://www.amazon.com/s?k=Estwing+rock+pick&%3Btag=everlastin08f-20&tag=everlastin08f-20,amazon_search_result,not_requested_amazon_blocks_automation,remove recommendation or verify exact model,correction_required
https://everlasting-goods.com/articles/best-estwing-hammers-that-last-a-lifetime,https://www.amazon.com/s?k=Estwing+hammer+sheath&%3Btag=everlastin08f-20&tag=everlastin08f-20,amazon_search_result,not_requested_amazon_blocks_automation,remove recommendation or verify exact model,correction_required
https://everlasting-goods.com/articles/best-faucet-brands-that-actually-last,https://www.amazon.com/s?k=solid+brass+faucet&%3Btag=everlastin08f-20&tag=everlastin08f-20,amazon_search_result,not_requested_amazon_blocks_automation,remove recommendation or verify exact model,correction_required
https://everlasting-goods.com/articles/best-faucet-brands-that-actually-last,https://www.amazon.com/s?k=solid+brass+faucet&%3Btag=everlastin08f-20&tag=everlastin08f-20,amazon_search_result,not_requested_amazon_blocks_automation,remove recommendation or verify exact model,correction_required
https://everlasting-goods.com/articles/best-faucet-brands-that-actually-last,https://www.amazon.com/s?k=Moen+kitchen+faucet&%3Btag=everlastin08f-20&tag=everlastin08f-20,amazon_search_result,not_requested_amazon_blocks_automation,remove recommendation or verify exact model,correction_required
https://everlasting-goods.com/articles/best-faucet-brands-that-actually-last,https://www.amazon.com/s?k=Delta+kitchen+faucet&%3Btag=everlastin08f-20&tag=everlastin08f-20,amazon_search_result,not_requested_amazon_blocks_automation,remove recommendation or verify exact model,correction_required
https://everlasting-goods.com/articles/best-faucet-brands-that-actually-last,https://www.amazon.com/s?k=Kohler+kitchen+faucet&%3Btag=everlastin08f-20&tag=everlastin08f-20,amazon_search_result,not_requested_amazon_blocks_automation,remove recommendation or verify exact model,correction_required
https://everlasting-goods.com/articles/best-faucet-brands-that-actually-last,https://www.amazon.com/s?k=faucet+cartridge+replacement&%3Btag=everlastin08f-20&tag=everlastin08f-20,amazon_search_result,not_requested_amazon_blocks_automation,remove recommendation or verify exact model,correction_required
https://everlasting-goods.com/articles/best-cast-iron-skillets-that-last-forever,https://www.amazon.com/dp/B00006JSUA?tag=everlastin08f-20,amazon_exact_or_unconfirmed,not_requested_amazon_blocks_automation,verify exact model and live ASIN,audit_required
https://everlasting-goods.com/articles/best-cast-iron-skillets-that-last-forever,https://www.amazon.com/s?k=Lodge+Cast+Iron&%3Btag=everlastin08f-20&tag=everlastin08f-20,amazon_search_result,not_requested_amazon_blocks_automation,remove recommendation or verify exact model,correction_required
https://everlasting-goods.com/articles/best-cast-iron-skillets-that-last-forever,https://www.amazon.com/dp/B00B4UOTBQ?tag=everlastin08f-20,amazon_exact_or_unconfirmed,not_requested_amazon_blocks_automation,verify exact model and live ASIN,audit_required
https://everlasting-goods.com/articles/best-cast-iron-skillets-that-last-forever,https://www.amazon.com/s?k=Le+Creuset&%3Btag=everlastin08f-20&tag=everlastin08f-20,amazon_search_result,not_requested_amazon_blocks_automation,remove recommendation or verify exact model,correction_required
https://everlasting-goods.com/articles/best-cast-iron-skillets-that-last-forever,https://www.amazon.com/dp/B00006JSUA?tag=everlastin08f-20,amazon_exact_or_unconfirmed,not_requested_amazon_blocks_automation,verify exact model and live ASIN,audit_required
https://everlasting-goods.com/articles/best-cast-iron-skillets-that-last-forever,https://www.amazon.com/dp/B00006JSUA?tag=everlastin08f-20,amazon_exact_or_unconfirmed,not_requested_amazon_blocks_automation,verify exact model and live ASIN,audit_required
https://everlasting-goods.com/articles/best-cast-iron-skillets-that-last-forever,https://www.amazon.com/dp/B008M5U1C2?tag=everlastin08f-20,amazon_exact_or_unconfirmed,not_requested_amazon_blocks_automation,verify exact model and live ASIN,audit_required
https://everlasting-goods.com/articles/best-cast-iron-skillets-that-last-forever,https://www.amazon.com/dp/B00006JSUA?tag=everlastin08f-20,amazon_exact_or_unconfirmed,not_requested_amazon_blocks_automation,verify exact model and live ASIN,audit_required
https://everlasting-goods.com/articles/best-cast-iron-skillets-that-last-forever,https://www.amazon.com/dp/B008M5U1C2?tag=everlastin08f-20,amazon_exact_or_unconfirmed,not_requested_amazon_blocks_automation,verify exact model and live ASIN,audit_required
https://everlasting-goods.com/articles/best-buy-it-for-life-backpacks,https://www.amazon.com/dp/B01N1UQFZY?tag=everlastin08f-20,amazon_exact_or_unconfirmed,not_requested_amazon_blocks_automation,verify exact model and live ASIN,audit_required
https://everlasting-goods.com/articles/best-buy-it-for-life-backpacks,https://www.amazon.com/s?k=1000D+Cordura+nylon&%3Btag=everlastin08f-20&tag=everlastin08f-20,amazon_search_result,not_requested_amazon_blocks_automation,remove recommendation or verify exact model,correction_required
https://everlasting-goods.com/articles/best-buy-it-for-life-backpacks,https://www.amazon.com/dp/B01N1UQFZY?tag=everlastin08f-20,amazon_exact_or_unconfirmed,not_requested_amazon_blocks_automation,verify exact model and live ASIN,audit_required
https://everlasting-goods.com/articles/best-buy-it-for-life-backpacks,https://www.amazon.com/s?k=MOLLE+webbing&%3Btag=everlastin08f-20&tag=everlastin08f-20,amazon_search_result,not_requested_amazon_blocks_automation,remove recommendation or verify exact model,correction_required
https://everlasting-goods.com/articles/best-buy-it-for-life-backpacks,https://www.amazon.com/s?k=YKK+zippers&%3Btag=everlastin08f-20&tag=everlastin08f-20,amazon_search_result,not_requested_amazon_blocks_automation,remove recommendation or verify exact model,correction_required
https://everlasting-goods.com/articles/best-buy-it-for-life-backpacks,https://www.amazon.com/s?k=550+paracord&%3Btag=everlastin08f-20&tag=everlastin08f-20,amazon_search_result,not_requested_amazon_blocks_automation,remove recommendation or verify exact model,correction_required
https://everlasting-goods.com/articles/best-buy-it-for-life-backpacks,https://www.amazon.com/dp/B07CJWBN6C?tag=everlastin08f-20,amazon_exact_or_unconfirmed,not_requested_amazon_blocks_automation,verify exact model and live ASIN,audit_required
https://everlasting-goods.com/articles/best-buy-it-for-life-backpacks,https://www.amazon.com/s?k=tin+cloth&%3Btag=everlastin08f-20&tag=everlastin08f-20,amazon_search_result,not_requested_amazon_blocks_automation,remove recommendation or verify exact model,correction_required
https://everlasting-goods.com/articles/best-buy-it-for-life-backpacks,https://www.amazon.com/s?k=bridle+leather&%3Btag=everlastin08f-20&tag=everlastin08f-20,amazon_search_result,not_requested_amazon_blocks_automation,remove recommendation or verify exact model,correction_required
https://everlasting-goods.com/articles/best-buy-it-for-life-backpacks,https://www.amazon.com/s?k=Filson&%3Btag=everlastin08f-20&tag=everlastin08f-20,amazon_search_result,not_requested_amazon_blocks_automation,remove recommendation or verify exact model,correction_required
https://everlasting-goods.com/articles/best-buy-it-for-life-backpacks,https://www.amazon.com/dp/B07GKRTC61?tag=everlastin08f-20,amazon_exact_or_unconfirmed,not_requested_amazon_blocks_automation,verify exact model and live ASIN,audit_required
https://everlasting-goods.com/articles/best-buy-it-for-life-backpacks,https://www.amazon.com/s?k=Osprey&%3Btag=everlastin08f-20&tag=everlastin08f-20,amazon_search_result,not_requested_amazon_blocks_automation,remove recommendation or verify exact model,correction_required
https://everlasting-goods.com/articles/best-buy-it-for-life-backpacks,https://www.amazon.com/dp/B01N1UQFZY?tag=everlastin08f-20,amazon_exact_or_unconfirmed,not_requested_amazon_blocks_automation,verify exact model and live ASIN,audit_required
https://everlasting-goods.com/articles/best-buy-it-for-life-backpacks,https://www.amazon.com/dp/B01N1URQBP?tag=everlastin08f-20,amazon_exact_or_unconfirmed,not_requested_amazon_blocks_automation,verify exact model and live ASIN,audit_required
https://everlasting-goods.com/articles/best-buy-it-for-life-backpacks,https://www.amazon.com/dp/B01N1URQBP?tag=everlastin08f-20,amazon_exact_or_unconfirmed,not_requested_amazon_blocks_automation,verify exact model and live ASIN,audit_required
https://everlasting-goods.com/articles/best-kitchen-knives-that-last-a-lifetime,https://www.amazon.com/dp/B008M5U1C2?tag=everlastin08f-20,amazon_exact_or_unconfirmed,not_requested_amazon_blocks_automation,verify exact model and live ASIN,audit_required
https://everlasting-goods.com/articles/best-kitchen-knives-that-last-a-lifetime,https://www.amazon.com/dp/B008M5U1C2?tag=everlastin08f-20,amazon_exact_or_unconfirmed,not_requested_amazon_blocks_automation,verify exact model and live ASIN,audit_required
https://everlasting-goods.com/articles/best-kitchen-knives-that-last-a-lifetime,https://www.amazon.com/dp/B00009ZK08?tag=everlastin08f-20,amazon_exact_or_unconfirmed,not_requested_amazon_blocks_automation,verify exact model and live ASIN,audit_required
https://everlasting-goods.com/articles/best-kitchen-knives-that-last-a-lifetime,https://www.amazon.com/s?k=honing+steel&%3Btag=everlastin08f-20&tag=everlastin08f-20,amazon_search_result,not_requested_amazon_blocks_automation,remove recommendation or verify exact model,correction_required
https://everlasting-goods.com/articles/best-kitchen-knives-that-last-a-lifetime,https://www.amazon.com/dp/B008M5U1C2?tag=everlastin08f-20,amazon_exact_or_unconfirmed,not_requested_amazon_blocks_automation,verify exact model and live ASIN,audit_required
https://everlasting-goods.com/articles/best-kitchen-knives-that-last-a-lifetime,https://www.amazon.com/dp/B008M5U1C2?tag=everlastin08f-20,amazon_exact_or_unconfirmed,not_requested_amazon_blocks_automation,verify exact model and live ASIN,audit_required
https://everlasting-goods.com/articles/best-kitchen-knives-that-last-a-lifetime,https://www.amazon.com/dp/B008M5U1C2?tag=everlastin08f-20,amazon_exact_or_unconfirmed,not_requested_amazon_blocks_automation,verify exact model and live ASIN,audit_required
https://everlasting-goods.com/articles/best-leather-boots-that-last-20-years,https://www.amazon.com/dp/B001IOGBSO?tag=everlastin08f-20,amazon_exact_or_unconfirmed,not_requested_amazon_blocks_automation,verify exact model and live ASIN,audit_required
https://everlasting-goods.com/articles/best-leather-boots-that-last-20-years,https://www.amazon.com/dp/B001IOGBSO?tag=everlastin08f-20,amazon_exact_or_unconfirmed,not_requested_amazon_blocks_automation,verify exact model and live ASIN,audit_required
https://everlasting-goods.com/articles/best-leather-boots-that-last-20-years,https://www.amazon.com/s?k=Amber+Harness+leather&%3Btag=everlastin08f-20&tag=everlastin08f-20,amazon_search_result,not_requested_amazon_blocks_automation,remove recommendation or verify exact model,correction_required
https://everlasting-goods.com/articles/best-leather-boots-that-last-20-years,https://www.amazon.com/s?k=Goodyear+welt&%3Btag=everlastin08f-20&tag=everlastin08f-20,amazon_search_result,not_requested_amazon_blocks_automation,remove recommendation or verify exact model,correction_required
https://everlasting-goods.com/articles/best-leather-boots-that-last-20-years,https://www.amazon.com/s?k=Vibram+mini-lug+outsole&%3Btag=everlastin08f-20&tag=everlastin08f-20,amazon_search_result,not_requested_amazon_blocks_automation,remove recommendation or verify exact model,correction_required
https://everlasting-goods.com/articles/best-leather-boots-that-last-20-years,https://www.amazon.com/s?k=Amber+Harness+leather&%3Btag=everlastin08f-20&tag=everlastin08f-20,amazon_search_result,not_requested_amazon_blocks_automation,remove recommendation or verify exact model,correction_required
https://everlasting-goods.com/articles/best-leather-boots-that-last-20-years,https://www.amazon.com/dp/B000XFW6OU?tag=everlastin08f-20,amazon_exact_or_unconfirmed,not_requested_amazon_blocks_automation,verify exact model and live ASIN,audit_required
https://everlasting-goods.com/articles/best-leather-boots-that-last-20-years,https://www.amazon.com/dp/B074CJN4BH?tag=everlastin08f-20,amazon_exact_or_unconfirmed,not_requested_amazon_blocks_automation,verify exact model and live ASIN,audit_required
https://everlasting-goods.com/articles/best-leather-boots-that-last-20-years,https://www.amazon.com/s?k=horsehair+brush&%3Btag=everlastin08f-20&tag=everlastin08f-20,amazon_search_result,not_requested_amazon_blocks_automation,remove recommendation or verify exact model,correction_required
https://everlasting-goods.com/articles/best-leather-boots-that-last-20-years,https://www.amazon.com/dp/B001CS2Q4I?tag=everlastin08f-20,amazon_exact_or_unconfirmed,not_requested_amazon_blocks_automation,verify exact model and live ASIN,audit_required
https://everlasting-goods.com/articles/best-leather-boots-that-last-20-years,https://www.amazon.com/s?k=Red+Wing+boot+cream&%3Btag=everlastin08f-20&tag=everlastin08f-20,amazon_search_result,not_requested_amazon_blocks_automation,remove recommendation or verify exact model,correction_required
https://everlasting-goods.com/articles/best-leather-boots-that-last-20-years,https://www.amazon.com/s?k=Red+Wing&%3Btag=everlastin08f-20&tag=everlastin08f-20,amazon_search_result,not_requested_amazon_blocks_automation,remove recommendation or verify exact model,correction_required
https://everlasting-goods.com/articles/best-leather-boots-that-last-20-years,https://www.amazon.com/dp/B001IOGBSO?tag=everlastin08f-20,amazon_exact_or_unconfirmed,not_requested_amazon_blocks_automation,verify exact model and live ASIN,audit_required
https://everlasting-goods.com/articles/best-leather-boots-that-last-20-years,https://www.amazon.com/dp/B001IOEQH8?tag=everlastin08f-20,amazon_exact_or_unconfirmed,not_requested_amazon_blocks_automation,verify exact model and live ASIN,audit_required
https://everlasting-goods.com/articles/best-leather-boots-that-last-20-years,https://www.amazon.com/dp/B074CJN4BH?tag=everlastin08f-20,amazon_exact_or_unconfirmed,not_requested_amazon_blocks_automation,verify exact model and live ASIN,audit_required
https://everlasting-goods.com/articles/best-leather-boots-that-last-20-years,https://www.amazon.com/dp/B001IOEQH8?tag=everlastin08f-20,amazon_exact_or_unconfirmed,not_requested_amazon_blocks_automation,verify exact model and live ASIN,audit_required
https://everlasting-goods.com/articles/best-leather-boots-that-last-20-years,https://www.amazon.com/dp/B074CJN4BH?tag=everlastin08f-20,amazon_exact_or_unconfirmed,not_requested_amazon_blocks_automation,verify exact model and live ASIN,audit_required
https://everlasting-goods.com/articles/best-edc-flashlights-that-last-forever,https://www.amazon.com/dp/B003H7CRCI?tag=everlastin08f-20,amazon_exact_or_unconfirmed,not_requested_amazon_blocks_automation,verify exact model and live ASIN,audit_required
https://everlasting-goods.com/articles/best-edc-flashlights-that-last-forever,https://www.amazon.com/dp/B003H7CRCI?tag=everlastin08f-20,amazon_exact_or_unconfirmed,not_requested_amazon_blocks_automation,verify exact model and live ASIN,audit_required
https://everlasting-goods.com/articles/best-edc-flashlights-that-last-forever,https://www.amazon.com/s?k=18650+battery&%3Btag=everlastin08f-20&tag=everlastin08f-20,amazon_search_result,not_requested_amazon_blocks_automation,remove recommendation or verify exact model,correction_required
https://everlasting-goods.com/articles/best-edc-flashlights-that-last-forever,https://www.amazon.com/s?k=CR123A+lithium+cell&%3Btag=everlastin08f-20&tag=everlastin08f-20,amazon_search_result,not_requested_amazon_blocks_automation,remove recommendation or verify exact model,correction_required
https://everlasting-goods.com/articles/best-edc-flashlights-that-last-forever,https://www.amazon.com/dp/B0BLLQ14J9?tag=everlastin08f-20,amazon_exact_or_unconfirmed,not_requested_amazon_blocks_automation,verify exact model and live ASIN,audit_required
https://everlasting-goods.com/articles/best-edc-flashlights-that-last-forever,https://www.amazon.com/s?k=Fenix+flashlight&%3Btag=everlastin08f-20&tag=everlastin08f-20,amazon_search_result,not_requested_amazon_blocks_automation,remove recommendation or verify exact model,correction_required
https://everlasting-goods.com/articles/best-edc-flashlights-that-last-forever,https://www.amazon.com/dp/B003H7CRCI?tag=everlastin08f-20,amazon_exact_or_unconfirmed,not_requested_amazon_blocks_automation,verify exact model and live ASIN,audit_required
https://everlasting-goods.com/articles/best-edc-flashlights-that-last-forever,https://www.amazon.com/dp/B0BLLQ14J9?tag=everlastin08f-20,amazon_exact_or_unconfirmed,not_requested_amazon_blocks_automation,verify exact model and live ASIN,audit_required
https://everlasting-goods.com/articles/best-edc-flashlights-that-last-forever,https://www.amazon.com/dp/B09M8WYN9X?tag=everlastin08f-20,amazon_exact_or_unconfirmed,not_requested_amazon_blocks_automation,verify exact model and live ASIN,audit_required
https://everlasting-goods.com/articles/best-edc-flashlights-that-last-forever,https://www.amazon.com/dp/B09M8WYN9X?tag=everlastin08f-20,amazon_exact_or_unconfirmed,not_requested_amazon_blocks_automation,verify exact model and live ASIN,audit_required
https://everlasting-goods.com/articles/best-dutch-ovens-that-last-forever,https://www.amazon.com/s?k=Le+Creuset&%3Btag=everlastin08f-20&tag=everlastin08f-20,amazon_search_result,not_requested_amazon_blocks_automation,remove recommendation or verify exact model,correction_required
https://everlasting-goods.com/articles/best-dutch-ovens-that-last-forever,https://www.amazon.com/dp/B000SOM5XS?tag=everlastin08f-20,amazon_exact_or_unconfirmed,not_requested_amazon_blocks_automation,verify exact model and live ASIN,audit_required
https://everlasting-goods.com/articles/best-dutch-ovens-that-last-forever,https://www.amazon.com/s?k=Staub+Cocotte&%3Btag=everlastin08f-20&tag=everlastin08f-20,amazon_search_result,not_requested_amazon_blocks_automation,remove recommendation or verify exact model,correction_required
https://everlasting-goods.com/articles/best-dutch-ovens-that-last-forever,https://www.amazon.com/dp/B000SOM5XS?tag=everlastin08f-20,amazon_exact_or_unconfirmed,not_requested_amazon_blocks_automation,verify exact model and live ASIN,audit_required
https://everlasting-goods.com/articles/best-dutch-ovens-that-last-forever,https://www.amazon.com/s?k=Lodge+Enameled+Cast+Iron&%3Btag=everlastin08f-20&tag=everlastin08f-20,amazon_search_result,not_requested_amazon_blocks_automation,remove recommendation or verify exact model,correction_required
https://everlasting-goods.com/articles/best-dutch-ovens-that-last-forever,https://www.amazon.com/s?k=Lodge+cast+iron&%3Btag=everlastin08f-20&tag=everlastin08f-20,amazon_search_result,not_requested_amazon_blocks_automation,remove recommendation or verify exact model,correction_required
https://everlasting-goods.com/articles/best-dutch-ovens-that-last-forever,https://www.amazon.com/dp/B000V72992?tag=everlastin08f-20,amazon_exact_or_unconfirmed,not_requested_amazon_blocks_automation,verify exact model and live ASIN,audit_required
https://everlasting-goods.com/articles/best-dutch-ovens-that-last-forever,https://www.amazon.com/s?k=Le+Creuset&%3Btag=everlastin08f-20&tag=everlastin08f-20,amazon_search_result,not_requested_amazon_blocks_automation,remove recommendation or verify exact model,correction_required
https://everlasting-goods.com/articles/best-dutch-ovens-that-last-forever,https://www.amazon.com/s?k=Staub&%3Btag=everlastin08f-20&tag=everlastin08f-20,amazon_search_result,not_requested_amazon_blocks_automation,remove recommendation or verify exact model,correction_required
https://everlasting-goods.com/articles/best-dutch-ovens-that-last-forever,https://www.amazon.com/s?k=Lodge+Enameled&%3Btag=everlastin08f-20&tag=everlastin08f-20,amazon_search_result,not_requested_amazon_blocks_automation,remove recommendation or verify exact model,correction_required
https://everlasting-goods.com/articles/best-dutch-ovens-that-last-forever,https://www.amazon.com/dp/B00006JSUA?tag=everlastin08f-20,amazon_exact_or_unconfirmed,not_requested_amazon_blocks_automation,verify exact model and live ASIN,audit_required
https://everlasting-goods.com/articles/best-dutch-ovens-that-last-forever,https://www.amazon.com/dp/B00006JSUA?tag=everlastin08f-20,amazon_exact_or_unconfirmed,not_requested_amazon_blocks_automation,verify exact model and live ASIN,audit_required
https://everlasting-goods.com/articles/best-mechanical-watches-that-last-a-lifetime,https://www.amazon.com/s?k=Rolex+Submariner&%3Btag=everlastin08f-20&tag=everlastin08f-20,amazon_search_result,not_requested_amazon_blocks_automation,remove recommendation or verify exact model,correction_required
https://everlasting-goods.com/articles/best-mechanical-watches-that-last-a-lifetime,https://www.amazon.com/s?k=Rolex&%3Btag=everlastin08f-20&tag=everlastin08f-20,amazon_search_result,not_requested_amazon_blocks_automation,remove recommendation or verify exact model,correction_required
https://everlasting-goods.com/articles/best-mechanical-watches-that-last-a-lifetime,https://www.amazon.com/s?k=Omega+Seamaster+Professional+300M&%3Btag=everlastin08f-20&tag=everlastin08f-20,amazon_search_result,not_requested_amazon_blocks_automation,remove recommendation or verify exact model,correction_required
https://everlasting-goods.com/articles/best-mechanical-watches-that-last-a-lifetime,https://www.amazon.com/s?k=Omega&%3Btag=everlastin08f-20&tag=everlastin08f-20,amazon_search_result,not_requested_amazon_blocks_automation,remove recommendation or verify exact model,correction_required
https://everlasting-goods.com/articles/best-mechanical-watches-that-last-a-lifetime,https://www.amazon.com/s?k=Seiko+Prospex+Turtle&%3Btag=everlastin08f-20&tag=everlastin08f-20,amazon_search_result,not_requested_amazon_blocks_automation,remove recommendation or verify exact model,correction_required
https://everlasting-goods.com/articles/best-mechanical-watches-that-last-a-lifetime,https://www.amazon.com/s?k=Orient+Bambino&%3Btag=everlastin08f-20&tag=everlastin08f-20,amazon_search_result,not_requested_amazon_blocks_automation,remove recommendation or verify exact model,correction_required
https://everlasting-goods.com/articles/best-mechanical-watches-that-last-a-lifetime,https://www.amazon.com/s?k=sapphire+crystal&%3Btag=everlastin08f-20&tag=everlastin08f-20,amazon_search_result,not_requested_amazon_blocks_automation,remove recommendation or verify exact model,correction_required
https://everlasting-goods.com/articles/best-mechanical-watches-that-last-a-lifetime,https://www.amazon.com/s?k=Orient+watch&%3Btag=everlastin08f-20&tag=everlastin08f-20,amazon_search_result,not_requested_amazon_blocks_automation,remove recommendation or verify exact model,correction_required
https://everlasting-goods.com/articles/best-mechanical-watches-that-last-a-lifetime,https://www.amazon.com/s?k=Rolex+Submariner&%3Btag=everlastin08f-20&tag=everlastin08f-20,amazon_search_result,not_requested_amazon_blocks_automation,remove recommendation or verify exact model,correction_required
https://everlasting-goods.com/articles/best-mechanical-watches-that-last-a-lifetime,https://www.amazon.com/s?k=Omega+Seamaster&%3Btag=everlastin08f-20&tag=everlastin08f-20,amazon_search_result,not_requested_amazon_blocks_automation,remove recommendation or verify exact model,correction_required
https://everlasting-goods.com/articles/best-mechanical-watches-that-last-a-lifetime,https://www.amazon.com/s?k=Tudor+Black+Bay&%3Btag=everlastin08f-20&tag=everlastin08f-20,amazon_search_result,not_requested_amazon_blocks_automation,remove recommendation or verify exact model,correction_required
https://everlasting-goods.com/articles/best-mechanical-watches-that-last-a-lifetime,https://www.amazon.com/s?k=Seiko+Prospex&%3Btag=everlastin08f-20&tag=everlastin08f-20,amazon_search_result,not_requested_amazon_blocks_automation,remove recommendation or verify exact model,correction_required
https://everlasting-goods.com/articles/best-mechanical-watches-that-last-a-lifetime,https://www.amazon.com/s?k=Orient+Bambino&%3Btag=everlastin08f-20&tag=everlastin08f-20,amazon_search_result,not_requested_amazon_blocks_automation,remove recommendation or verify exact model,correction_required
https://everlasting-goods.com/articles/best-woodworking-hand-tools-that-last-forever,https://www.amazon.com/dp/B0006FKVEO?tag=everlastin08f-20,amazon_exact_or_unconfirmed,not_requested_amazon_blocks_automation,verify exact model and live ASIN,audit_required
https://everlasting-goods.com/articles/best-woodworking-hand-tools-that-last-forever,https://www.amazon.com/dp/B0006FKVEO?tag=everlastin08f-20,amazon_exact_or_unconfirmed,not_requested_amazon_blocks_automation,verify exact model and live ASIN,audit_required
https://everlasting-goods.com/articles/best-woodworking-hand-tools-that-last-forever,https://www.amazon.com/s?k=Two+Cherries+chisels&%3Btag=everlastin08f-20&tag=everlastin08f-20,amazon_search_result,not_requested_amazon_blocks_automation,remove recommendation or verify exact model,correction_required
https://everlasting-goods.com/articles/best-woodworking-hand-tools-that-last-forever,https://www.amazon.com/s?k=chrome+vanadium+high-carbon+steel&%3Btag=everlastin08f-20&tag=everlastin08f-20,amazon_search_result,not_requested_amazon_blocks_automation,remove recommendation or verify exact model,correction_required
https://everlasting-goods.com/articles/best-woodworking-hand-tools-that-last-forever,https://www.amazon.com/s?k=Narex+Premium+chisels&%3Btag=everlastin08f-20&tag=everlastin08f-20,amazon_search_result,not_requested_amazon_blocks_automation,remove recommendation or verify exact model,correction_required
https://everlasting-goods.com/articles/best-woodworking-hand-tools-that-last-forever,https://www.amazon.com/s?k=hornbeam+handles&%3Btag=everlastin08f-20&tag=everlastin08f-20,amazon_search_result,not_requested_amazon_blocks_automation,remove recommendation or verify exact model,correction_required
https://everlasting-goods.com/articles/best-woodworking-hand-tools-that-last-forever,https://www.amazon.com/dp/B000CEA4TK?tag=everlastin08f-20,amazon_exact_or_unconfirmed,not_requested_amazon_blocks_automation,verify exact model and live ASIN,audit_required
https://everlasting-goods.com/articles/best-woodworking-hand-tools-that-last-forever,https://www.amazon.com/s?k=Veritas+Wheel+Marking+Gauge&%3Btag=everlastin08f-20&tag=everlastin08f-20,amazon_search_result,not_requested_amazon_blocks_automation,remove recommendation or verify exact model,correction_required
https://everlasting-goods.com/articles/best-woodworking-hand-tools-that-last-forever,https://www.amazon.com/s?k=carbide+wheel+cutter&%3Btag=everlastin08f-20&tag=everlastin08f-20,amazon_search_result,not_requested_amazon_blocks_automation,remove recommendation or verify exact model,correction_required
https://everlasting-goods.com/articles/best-woodworking-hand-tools-that-last-forever,https://www.amazon.com/s?k=waterstones+1000+4000+8000+grit&%3Btag=everlastin08f-20&tag=everlastin08f-20,amazon_search_result,not_requested_amazon_blocks_automation,remove recommendation or verify exact model,correction_required
https://everlasting-goods.com/articles/best-woodworking-hand-tools-that-last-forever,https://www.amazon.com/s?k=diamond+plates&%3Btag=everlastin08f-20&tag=everlastin08f-20,amazon_search_result,not_requested_amazon_blocks_automation,remove recommendation or verify exact model,correction_required
https://everlasting-goods.com/articles/best-woodworking-hand-tools-that-last-forever,https://www.amazon.com/s?k=leather+strop&%3Btag=everlastin08f-20&tag=everlastin08f-20,amazon_search_result,not_requested_amazon_blocks_automation,remove recommendation or verify exact model,correction_required
https://everlasting-goods.com/articles/best-woodworking-hand-tools-that-last-forever,https://www.amazon.com/s?k=honing+guide&%3Btag=everlastin08f-20&tag=everlastin08f-20,amazon_search_result,not_requested_amazon_blocks_automation,remove recommendation or verify exact model,correction_required
https://everlasting-goods.com/articles/best-woodworking-hand-tools-that-last-forever,https://www.amazon.com/s?k=camellia+oil&%3Btag=everlastin08f-20&tag=everlastin08f-20,amazon_search_result,not_requested_amazon_blocks_automation,remove recommendation or verify exact model,correction_required
https://everlasting-goods.com/articles/best-woodworking-hand-tools-that-last-forever,https://www.amazon.com/s?k=paste+wax&%3Btag=everlastin08f-20&tag=everlastin08f-20,amazon_search_result,not_requested_amazon_blocks_automation,remove recommendation or verify exact model,correction_required
https://everlasting-goods.com/articles/best-woodworking-hand-tools-that-last-forever,https://www.amazon.com/s?k=linseed+oil&%3Btag=everlastin08f-20&tag=everlastin08f-20,amazon_search_result,not_requested_amazon_blocks_automation,remove recommendation or verify exact model,correction_required
https://everlasting-goods.com/articles/best-woodworking-hand-tools-that-last-forever,https://www.amazon.com/s?k=Lie-Nielsen&%3Btag=everlastin08f-20&tag=everlastin08f-20,amazon_search_result,not_requested_amazon_blocks_automation,remove recommendation or verify exact model,correction_required
https://everlasting-goods.com/articles/best-woodworking-hand-tools-that-last-forever,https://www.amazon.com/s?k=Veritas+plane&%3Btag=everlastin08f-20&tag=everlastin08f-20,amazon_search_result,not_requested_amazon_blocks_automation,remove recommendation or verify exact model,correction_required
https://everlasting-goods.com/articles/best-woodworking-hand-tools-that-last-forever,https://www.amazon.com/s?k=Narex+chisels&%3Btag=everlastin08f-20&tag=everlastin08f-20,amazon_search_result,not_requested_amazon_blocks_automation,remove recommendation or verify exact model,correction_required
https://everlasting-goods.com/articles/best-woodworking-hand-tools-that-last-forever,https://www.amazon.com/dp/B000CEA4TK?tag=everlastin08f-20,amazon_exact_or_unconfirmed,not_requested_amazon_blocks_automation,verify exact model and live ASIN,audit_required
https://everlasting-goods.com/articles/best-woodworking-hand-tools-that-last-forever,https://www.amazon.com/s?k=Veritas+Marking+Gauge&%3Btag=everlastin08f-20&tag=everlastin08f-20,amazon_search_result,not_requested_amazon_blocks_automation,remove recommendation or verify exact model,correction_required
https://everlasting-goods.com/articles/best-lodge-cast-iron-pieces-the-complete-collection-guide,https://www.amazon.com/dp/B00006JSUA?tag=everlastin08f-20,amazon_exact_or_unconfirmed,not_requested_amazon_blocks_automation,verify exact model and live ASIN,audit_required
https://everlasting-goods.com/articles/best-lodge-cast-iron-pieces-the-complete-collection-guide,https://www.amazon.com/s?k=Lodge+12+Inch+Cast+Iron+Skillet&%3Btag=everlastin08f-20&tag=everlastin08f-20,amazon_search_result,not_requested_amazon_blocks_automation,remove recommendation or verify exact model,correction_required
https://everlasting-goods.com/articles/best-lodge-cast-iron-pieces-the-complete-collection-guide,https://www.amazon.com/dp/B000SOM5XS?tag=everlastin08f-20,amazon_exact_or_unconfirmed,not_requested_amazon_blocks_automation,verify exact model and live ASIN,audit_required
https://everlasting-goods.com/articles/best-lodge-cast-iron-pieces-the-complete-collection-guide,https://www.amazon.com/s?k=Lodge+Chef+Collection+Skillet&%3Btag=everlastin08f-20&tag=everlastin08f-20,amazon_search_result,not_requested_amazon_blocks_automation,remove recommendation or verify exact model,correction_required
https://everlasting-goods.com/articles/best-lodge-cast-iron-pieces-the-complete-collection-guide,https://www.amazon.com/s?k=Lodge+Cast+Iron+Griddle&%3Btag=everlastin08f-20&tag=everlastin08f-20,amazon_search_result,not_requested_amazon_blocks_automation,remove recommendation or verify exact model,correction_required
https://everlasting-goods.com/articles/best-lodge-cast-iron-pieces-the-complete-collection-guide,https://www.amazon.com/s?k=Lodge+Combo+Cooker&%3Btag=everlastin08f-20&tag=everlastin08f-20,amazon_search_result,not_requested_amazon_blocks_automation,remove recommendation or verify exact model,correction_required
https://everlasting-goods.com/articles/best-bifl-wallets-for-men-leather-wallets-that-age-beautifully,https://www.amazon.com/dp/B008B8A8FY?tag=everlastin08f-20,amazon_exact_or_unconfirmed,not_requested_amazon_blocks_automation,verify exact model and live ASIN,audit_required
https://everlasting-goods.com/articles/best-bifl-wallets-for-men-leather-wallets-that-age-beautifully,https://www.amazon.com/dp/B07C4SYRB2?tag=everlastin08f-20,amazon_exact_or_unconfirmed,not_requested_amazon_blocks_automation,verify exact model and live ASIN,audit_required
https://everlasting-goods.com/articles/best-bifl-wallets-for-men-leather-wallets-that-age-beautifully,https://www.amazon.com/dp/B07CXJLRS7?tag=everlastin08f-20,amazon_exact_or_unconfirmed,not_requested_amazon_blocks_automation,verify exact model and live ASIN,audit_required
https://everlasting-goods.com/articles/best-bifl-wallets-for-men-leather-wallets-that-age-beautifully,https://www.amazon.com/dp/B002AEP2CC?tag=everlastin08f-20,amazon_exact_or_unconfirmed,not_requested_amazon_blocks_automation,verify exact model and live ASIN,audit_required
https://everlasting-goods.com/articles/best-bifl-wallets-for-men-leather-wallets-that-age-beautifully,https://www.amazon.com/dp/B008B8A8FY?tag=everlastin08f-20,amazon_exact_or_unconfirmed,not_requested_amazon_blocks_automation,verify exact model and live ASIN,audit_required
https://everlasting-goods.com/articles/best-bifl-wallets-for-men-leather-wallets-that-age-beautifully,https://www.amazon.com/dp/B07C4SYRB2?tag=everlastin08f-20,amazon_exact_or_unconfirmed,not_requested_amazon_blocks_automation,verify exact model and live ASIN,audit_required
https://everlasting-goods.com/articles/best-bifl-wallets-for-men-leather-wallets-that-age-beautifully,https://www.amazon.com/dp/B07CXJLRS7?tag=everlastin08f-20,amazon_exact_or_unconfirmed,not_requested_amazon_blocks_automation,verify exact model and live ASIN,audit_required
https://everlasting-goods.com/articles/best-buy-it-for-life-rain-jackets,https://www.amazon.com/dp/B0C7DFHXY8?tag=everlastin08f-20,amazon_exact_or_unconfirmed,not_requested_amazon_blocks_automation,verify exact model and live ASIN,audit_required
https://everlasting-goods.com/articles/best-buy-it-for-life-rain-jackets,https://www.amazon.com/dp/B08Y5HGRQ8?tag=everlastin08f-20,amazon_exact_or_unconfirmed,not_requested_amazon_blocks_automation,verify exact model and live ASIN,audit_required
https://everlasting-goods.com/articles/best-buy-it-for-life-rain-jackets,https://www.amazon.com/dp/B007Z0LJAK?tag=everlastin08f-20,amazon_exact_or_unconfirmed,not_requested_amazon_blocks_automation,verify exact model and live ASIN,audit_required
https://everlasting-goods.com/articles/best-buy-it-for-life-rain-jackets,https://www.amazon.com/dp/B09GCYCV7D?tag=everlastin08f-20,amazon_exact_or_unconfirmed,not_requested_amazon_blocks_automation,verify exact model and live ASIN,audit_required
https://everlasting-goods.com/articles/best-buy-it-for-life-rain-jackets,https://www.amazon.com/dp/B001OPJ5UY?tag=everlastin08f-20,amazon_exact_or_unconfirmed,not_requested_amazon_blocks_automation,verify exact model and live ASIN,audit_required
https://everlasting-goods.com/articles/best-buy-it-for-life-rain-jackets,https://www.amazon.com/dp/B001OPJ5EY?tag=everlastin08f-20,amazon_exact_or_unconfirmed,not_requested_amazon_blocks_automation,verify exact model and live ASIN,audit_required
https://everlasting-goods.com/articles/best-buy-it-for-life-rain-jackets,https://www.amazon.com/dp/B077TMSQHV?tag=everlastin08f-20,amazon_exact_or_unconfirmed,not_requested_amazon_blocks_automation,verify exact model and live ASIN,audit_required
https://everlasting-goods.com/articles/best-buy-it-for-life-rain-jackets,https://www.amazon.com/dp/B0C7DFHXY8?tag=everlastin08f-20,amazon_exact_or_unconfirmed,not_requested_amazon_blocks_automation,verify exact model and live ASIN,audit_required
https://everlasting-goods.com/articles/best-buy-it-for-life-rain-jackets,https://www.amazon.com/dp/B08Y5HGRQ8?tag=everlastin08f-20,amazon_exact_or_unconfirmed,not_requested_amazon_blocks_automation,verify exact model and live ASIN,audit_required
https://everlasting-goods.com/articles/best-buy-it-for-life-rain-jackets,https://www.amazon.com/dp/B09GCYCV7D?tag=everlastin08f-20,amazon_exact_or_unconfirmed,not_requested_amazon_blocks_automation,verify exact model and live ASIN,audit_required
https://everlasting-goods.com/articles/best-stainless-steel-water-bottles-that-last-forever,https://www.amazon.com/dp/B083GBFT8M?tag=everlastin08f-20,amazon_exact_or_unconfirmed,not_requested_amazon_blocks_automation,verify exact model and live ASIN,audit_required
https://everlasting-goods.com/articles/best-stainless-steel-water-bottles-that-last-forever,https://www.amazon.com/s?k=18%2F8+pro-grade+stainless+steel&%3Btag=everlastin08f-20&tag=everlastin08f-20,amazon_search_result,not_requested_amazon_blocks_automation,remove recommendation or verify exact model,correction_required
https://everlasting-goods.com/articles/best-stainless-steel-water-bottles-that-last-forever,https://www.amazon.com/dp/B083GBFT8M?tag=everlastin08f-20,amazon_exact_or_unconfirmed,not_requested_amazon_blocks_automation,verify exact model and live ASIN,audit_required
https://everlasting-goods.com/articles/best-stainless-steel-water-bottles-that-last-forever,https://www.amazon.com/dp/B0BXB9YW6X?tag=everlastin08f-20,amazon_exact_or_unconfirmed,not_requested_amazon_blocks_automation,verify exact model and live ASIN,audit_required
https://everlasting-goods.com/articles/best-stainless-steel-water-bottles-that-last-forever,https://www.amazon.com/s?k=18%2F8+stainless+steel&%3Btag=everlastin08f-20&tag=everlastin08f-20,amazon_search_result,not_requested_amazon_blocks_automation,remove recommendation or verify exact model,correction_required
https://everlasting-goods.com/articles/best-stainless-steel-water-bottles-that-last-forever,https://www.amazon.com/dp/B0BXB9YW6X?tag=everlastin08f-20,amazon_exact_or_unconfirmed,not_requested_amazon_blocks_automation,verify exact model and live ASIN,audit_required
https://everlasting-goods.com/articles/best-stainless-steel-water-bottles-that-last-forever,https://www.amazon.com/dp/B07DG1BW65?tag=everlastin08f-20,amazon_exact_or_unconfirmed,not_requested_amazon_blocks_automation,verify exact model and live ASIN,audit_required
https://everlasting-goods.com/articles/best-stainless-steel-water-bottles-that-last-forever,https://www.amazon.com/s?k=18%2F8+food-grade+stainless+steel&%3Btag=everlastin08f-20&tag=everlastin08f-20,amazon_search_result,not_requested_amazon_blocks_automation,remove recommendation or verify exact model,correction_required
https://everlasting-goods.com/articles/best-stainless-steel-water-bottles-that-last-forever,https://www.amazon.com/dp/B07DG1BW65?tag=everlastin08f-20,amazon_exact_or_unconfirmed,not_requested_amazon_blocks_automation,verify exact model and live ASIN,audit_required
https://everlasting-goods.com/articles/best-stainless-steel-water-bottles-that-last-forever,https://www.amazon.com/s?k=S%27well+Traveler&%3Btag=everlastin08f-20&tag=everlastin08f-20,amazon_search_result,not_requested_amazon_blocks_automation,remove recommendation or verify exact model,correction_required
https://everlasting-goods.com/articles/best-stainless-steel-water-bottles-that-last-forever,https://www.amazon.com/s?k=S%27well+Traveler&%3Btag=everlastin08f-20&tag=everlastin08f-20,amazon_search_result,not_requested_amazon_blocks_automation,remove recommendation or verify exact model,correction_required
https://everlasting-goods.com/articles/best-stainless-steel-water-bottles-that-last-forever,https://www.amazon.com/s?k=Takeya+Actives+Insulated+Bottle&%3Btag=everlastin08f-20&tag=everlastin08f-20,amazon_search_result,not_requested_amazon_blocks_automation,remove recommendation or verify exact model,correction_required
https://everlasting-goods.com/articles/best-stainless-steel-water-bottles-that-last-forever,https://www.amazon.com/s?k=Takeya+Actives+Insulated+Bottle&%3Btag=everlastin08f-20&tag=everlastin08f-20,amazon_search_result,not_requested_amazon_blocks_automation,remove recommendation or verify exact model,correction_required
https://everlasting-goods.com/articles/best-buy-it-for-life-gifts-under-50-quality-picks-that-last,https://www.amazon.com/dp/B00004YVB2?tag=everlastin08f-20,amazon_exact_or_unconfirmed,not_requested_amazon_blocks_automation,verify exact model and live ASIN,audit_required
https://everlasting-goods.com/articles/best-buy-it-for-life-gifts-under-50-quality-picks-that-last,https://www.amazon.com/dp/B00004YVB2?tag=everlastin08f-20,amazon_exact_or_unconfirmed,not_requested_amazon_blocks_automation,verify exact model and live ASIN,audit_required
https://everlasting-goods.com/articles/best-buy-it-for-life-gifts-under-50-quality-picks-that-last,https://www.amazon.com/s?k=Opinel+No.+8&%3Btag=everlastin08f-20&tag=everlastin08f-20,amazon_search_result,not_requested_amazon_blocks_automation,remove recommendation or verify exact model,correction_required
https://everlasting-goods.com/articles/best-buy-it-for-life-gifts-under-50-quality-picks-that-last,https://www.amazon.com/s?k=carbon+steel+blade&%3Btag=everlastin08f-20&tag=everlastin08f-20,amazon_search_result,not_requested_amazon_blocks_automation,remove recommendation or verify exact model,correction_required
https://everlasting-goods.com/articles/best-buy-it-for-life-gifts-under-50-quality-picks-that-last,https://www.amazon.com/s?k=Opinel+No.+8&%3Btag=everlastin08f-20&tag=everlastin08f-20,amazon_search_result,not_requested_amazon_blocks_automation,remove recommendation or verify exact model,correction_required
https://everlasting-goods.com/articles/best-buy-it-for-life-gifts-under-50-quality-picks-that-last,https://www.amazon.com/dp/B002L6RB80?tag=everlastin08f-20,amazon_exact_or_unconfirmed,not_requested_amazon_blocks_automation,verify exact model and live ASIN,audit_required
https://everlasting-goods.com/articles/best-buy-it-for-life-gifts-under-50-quality-picks-that-last,https://www.amazon.com/dp/B002L6RB80?tag=everlastin08f-20,amazon_exact_or_unconfirmed,not_requested_amazon_blocks_automation,verify exact model and live ASIN,audit_required
https://everlasting-goods.com/articles/best-buy-it-for-life-gifts-under-50-quality-picks-that-last,https://www.amazon.com/dp/B000XFW6OU?tag=everlastin08f-20,amazon_exact_or_unconfirmed,not_requested_amazon_blocks_automation,verify exact model and live ASIN,audit_required
https://everlasting-goods.com/articles/best-buy-it-for-life-gifts-under-50-quality-picks-that-last,https://www.amazon.com/s?k=merino+wool&%3Btag=everlastin08f-20&tag=everlastin08f-20,amazon_search_result,not_requested_amazon_blocks_automation,remove recommendation or verify exact model,correction_required
https://everlasting-goods.com/articles/best-buy-it-for-life-gifts-under-50-quality-picks-that-last,https://www.amazon.com/s?k=nylon&%3Btag=everlastin08f-20&tag=everlastin08f-20,amazon_search_result,not_requested_amazon_blocks_automation,remove recommendation or verify exact model,correction_required
https://everlasting-goods.com/articles/best-buy-it-for-life-gifts-under-50-quality-picks-that-last,https://www.amazon.com/s?k=Lycra&%3Btag=everlastin08f-20&tag=everlastin08f-20,amazon_search_result,not_requested_amazon_blocks_automation,remove recommendation or verify exact model,correction_required
https://everlasting-goods.com/articles/best-buy-it-for-life-gifts-under-50-quality-picks-that-last,https://www.amazon.com/dp/B000XFW6OU?tag=everlastin08f-20,amazon_exact_or_unconfirmed,not_requested_amazon_blocks_automation,verify exact model and live ASIN,audit_required
https://everlasting-goods.com/articles/best-buy-it-for-life-gifts-under-50-quality-picks-that-last,https://www.amazon.com/dp/B00006JSUA?tag=everlastin08f-20,amazon_exact_or_unconfirmed,not_requested_amazon_blocks_automation,verify exact model and live ASIN,audit_required
https://everlasting-goods.com/articles/best-buy-it-for-life-gifts-under-50-quality-picks-that-last,https://www.amazon.com/dp/B00006JSUA?tag=everlastin08f-20,amazon_exact_or_unconfirmed,not_requested_amazon_blocks_automation,verify exact model and live ASIN,audit_required
https://everlasting-goods.com/articles/best-buy-it-for-life-gifts-under-50-quality-picks-that-last,https://www.amazon.com/dp/B07DG1BW65?tag=everlastin08f-20,amazon_exact_or_unconfirmed,not_requested_amazon_blocks_automation,verify exact model and live ASIN,audit_required
https://everlasting-goods.com/articles/best-buy-it-for-life-gifts-under-50-quality-picks-that-last,https://www.amazon.com/s?k=stainless+steel&%3Btag=everlastin08f-20&tag=everlastin08f-20,amazon_search_result,not_requested_amazon_blocks_automation,remove recommendation or verify exact model,correction_required
https://everlasting-goods.com/articles/best-buy-it-for-life-gifts-under-50-quality-picks-that-last,https://www.amazon.com/dp/B07DG1BW65?tag=everlastin08f-20,amazon_exact_or_unconfirmed,not_requested_amazon_blocks_automation,verify exact model and live ASIN,audit_required
https://everlasting-goods.com/articles/best-red-wing-boots-a-complete-buyer-s-guide,https://www.amazon.com/dp/B001IOGBSO?tag=everlastin08f-20,amazon_exact_or_unconfirmed,not_requested_amazon_blocks_automation,verify exact model and live ASIN,audit_required
https://everlasting-goods.com/articles/best-red-wing-boots-a-complete-buyer-s-guide,https://www.amazon.com/s?k=Goodyear+welt+construction&%3Btag=everlastin08f-20&tag=everlastin08f-20,amazon_search_result,not_requested_amazon_blocks_automation,remove recommendation or verify exact model,correction_required
https://everlasting-goods.com/articles/best-red-wing-boots-a-complete-buyer-s-guide,https://www.amazon.com/dp/B001IOGBSO?tag=everlastin08f-20,amazon_exact_or_unconfirmed,not_requested_amazon_blocks_automation,verify exact model and live ASIN,audit_required
https://everlasting-goods.com/articles/best-red-wing-boots-a-complete-buyer-s-guide,https://www.amazon.com/dp/B001IOGBSO?tag=everlastin08f-20,amazon_exact_or_unconfirmed,not_requested_amazon_blocks_automation,verify exact model and live ASIN,audit_required
https://everlasting-goods.com/articles/best-red-wing-boots-a-complete-buyer-s-guide,https://www.amazon.com/s?k=Red+Wing+Blacksmith&%3Btag=everlastin08f-20&tag=everlastin08f-20,amazon_search_result,not_requested_amazon_blocks_automation,remove recommendation or verify exact model,correction_required
https://everlasting-goods.com/articles/best-red-wing-boots-a-complete-buyer-s-guide,https://www.amazon.com/s?k=Vibram+sole&%3Btag=everlastin08f-20&tag=everlastin08f-20,amazon_search_result,not_requested_amazon_blocks_automation,remove recommendation or verify exact model,correction_required
https://everlasting-goods.com/articles/best-red-wing-boots-a-complete-buyer-s-guide,https://www.amazon.com/s?k=Red+Wing+Blacksmith&%3Btag=everlastin08f-20&tag=everlastin08f-20,amazon_search_result,not_requested_amazon_blocks_automation,remove recommendation or verify exact model,correction_required
https://everlasting-goods.com/articles/best-red-wing-boots-a-complete-buyer-s-guide,https://www.amazon.com/s?k=Red+Wing+Blacksmith&%3Btag=everlastin08f-20&tag=everlastin08f-20,amazon_search_result,not_requested_amazon_blocks_automation,remove recommendation or verify exact model,correction_required
https://everlasting-goods.com/articles/best-red-wing-boots-a-complete-buyer-s-guide,https://www.amazon.com/s?k=Red+Wing+Classic+Moc&%3Btag=everlastin08f-20&tag=everlastin08f-20,amazon_search_result,not_requested_amazon_blocks_automation,remove recommendation or verify exact model,correction_required
https://everlasting-goods.com/articles/best-red-wing-boots-a-complete-buyer-s-guide,https://www.amazon.com/dp/B001IOGBSO?tag=everlastin08f-20,amazon_exact_or_unconfirmed,not_requested_amazon_blocks_automation,verify exact model and live ASIN,audit_required
https://everlasting-goods.com/articles/best-red-wing-boots-a-complete-buyer-s-guide,https://www.amazon.com/s?k=Red+Wing+Blacksmith&%3Btag=everlastin08f-20&tag=everlastin08f-20,amazon_search_result,not_requested_amazon_blocks_automation,remove recommendation or verify exact model,correction_required
https://everlasting-goods.com/articles/best-red-wing-boots-a-complete-buyer-s-guide,https://www.amazon.com/s?k=Red+Wing+Classic+Moc&%3Btag=everlastin08f-20&tag=everlastin08f-20,amazon_search_result,not_requested_amazon_blocks_automation,remove recommendation or verify exact model,correction_required
https://everlasting-goods.com/articles/best-red-wing-boots-a-complete-buyer-s-guide,https://www.amazon.com/s?k=Red+Wing+Classic+Moc&%3Btag=everlastin08f-20&tag=everlastin08f-20,amazon_search_result,not_requested_amazon_blocks_automation,remove recommendation or verify exact model,correction_required
https://everlasting-goods.com/articles/best-red-wing-boots-a-complete-buyer-s-guide,https://www.amazon.com/s?k=Red+Wing+Beckman&%3Btag=everlastin08f-20&tag=everlastin08f-20,amazon_search_result,not_requested_amazon_blocks_automation,remove recommendation or verify exact model,correction_required
https://everlasting-goods.com/articles/best-red-wing-boots-a-complete-buyer-s-guide,https://www.amazon.com/s?k=Red+Wing+Beckman&%3Btag=everlastin08f-20&tag=everlastin08f-20,amazon_search_result,not_requested_amazon_blocks_automation,remove recommendation or verify exact model,correction_required
https://everlasting-goods.com/articles/best-red-wing-boots-a-complete-buyer-s-guide,https://www.amazon.com/s?k=Red+Wing&%3Btag=everlastin08f-20&tag=everlastin08f-20,amazon_search_result,not_requested_amazon_blocks_automation,remove recommendation or verify exact model,correction_required
https://everlasting-goods.com/articles/best-red-wing-boots-a-complete-buyer-s-guide,https://www.amazon.com/s?k=Red+Wing+Beckman&%3Btag=everlastin08f-20&tag=everlastin08f-20,amazon_search_result,not_requested_amazon_blocks_automation,remove recommendation or verify exact model,correction_required
https://everlasting-goods.com/articles/best-red-wing-boots-a-complete-buyer-s-guide,https://www.amazon.com/s?k=Red+Wing+Weekender&%3Btag=everlastin08f-20&tag=everlastin08f-20,amazon_search_result,not_requested_amazon_blocks_automation,remove recommendation or verify exact model,correction_required
https://everlasting-goods.com/articles/best-red-wing-boots-a-complete-buyer-s-guide,https://www.amazon.com/s?k=Red+Wing+Weekender&%3Btag=everlastin08f-20&tag=everlastin08f-20,amazon_search_result,not_requested_amazon_blocks_automation,remove recommendation or verify exact model,correction_required
https://everlasting-goods.com/articles/best-red-wing-boots-a-complete-buyer-s-guide,https://www.amazon.com/s?k=Red+Wing+Weekender&%3Btag=everlastin08f-20&tag=everlastin08f-20,amazon_search_result,not_requested_amazon_blocks_automation,remove recommendation or verify exact model,correction_required
https://everlasting-goods.com/articles/best-red-wing-boots-a-complete-buyer-s-guide,https://www.amazon.com/s?k=Red+Wing+Supersole+2.0&%3Btag=everlastin08f-20&tag=everlastin08f-20,amazon_search_result,not_requested_amazon_blocks_automation,remove recommendation or verify exact model,correction_required
https://everlasting-goods.com/articles/best-red-wing-boots-a-complete-buyer-s-guide,https://www.amazon.com/s?k=Vibram+outsoles&%3Btag=everlastin08f-20&tag=everlastin08f-20,amazon_search_result,not_requested_amazon_blocks_automation,remove recommendation or verify exact model,correction_required
https://everlasting-goods.com/articles/best-red-wing-boots-a-complete-buyer-s-guide,https://www.amazon.com/s?k=Red+Wing+Supersole+2.0&%3Btag=everlastin08f-20&tag=everlastin08f-20,amazon_search_result,not_requested_amazon_blocks_automation,remove recommendation or verify exact model,correction_required
https://everlasting-goods.com/articles/best-red-wing-boots-a-complete-buyer-s-guide,https://www.amazon.com/s?k=Red+Wing+Supersole+2.0&%3Btag=everlastin08f-20&tag=everlastin08f-20,amazon_search_result,not_requested_amazon_blocks_automation,remove recommendation or verify exact model,correction_required
https://everlasting-goods.com/articles/best-red-wing-boots-a-complete-buyer-s-guide,https://www.amazon.com/s?k=Red+Wing&%3Btag=everlastin08f-20&tag=everlastin08f-20,amazon_search_result,not_requested_amazon_blocks_automation,remove recommendation or verify exact model,correction_required
https://everlasting-goods.com/articles/best-red-wing-boots-a-complete-buyer-s-guide,https://www.amazon.com/s?k=Red+Wing+Blacksmith&%3Btag=everlastin08f-20&tag=everlastin08f-20,amazon_search_result,not_requested_amazon_blocks_automation,remove recommendation or verify exact model,correction_required
https://everlasting-goods.com/articles/best-red-wing-boots-a-complete-buyer-s-guide,https://www.amazon.com/s?k=Red+Wing+Weekender&%3Btag=everlastin08f-20&tag=everlastin08f-20,amazon_search_result,not_requested_amazon_blocks_automation,remove recommendation or verify exact model,correction_required
https://everlasting-goods.com/articles/best-red-wing-boots-a-complete-buyer-s-guide,https://www.amazon.com/s?k=Red+Wing&%3Btag=everlastin08f-20&tag=everlastin08f-20,amazon_search_result,not_requested_amazon_blocks_automation,remove recommendation or verify exact model,correction_required
https://everlasting-goods.com/articles/best-buy-it-for-life-chef-s-knives-professional-picks,https://www.amazon.com/Wusthof-Classic-Chefs-Knife-Wooden/dp/B015LZ39I6?tag=everlastin08f-20,amazon_exact_or_unconfirmed,not_requested_amazon_blocks_automation,verify exact model and live ASIN,audit_required
https://everlasting-goods.com/articles/best-buy-it-for-life-chef-s-knives-professional-picks,https://www.amazon.com/Zwilling-JA-Henckels-Professional-Chefs/dp/B07F1P3Q65?tag=everlastin08f-20,amazon_exact_or_unconfirmed,not_requested_amazon_blocks_automation,verify exact model and live ASIN,audit_required
https://everlasting-goods.com/articles/best-buy-it-for-life-chef-s-knives-professional-picks,https://www.amazon.com/MAC-Craftsman-Series-MTH-80-Hollow/dp/B075H23V9G?tag=everlastin08f-20,amazon_exact_or_unconfirmed,not_requested_amazon_blocks_automation,verify exact model and live ASIN,audit_required
https://everlasting-goods.com/articles/best-buy-it-for-life-chef-s-knives-professional-picks,https://www.amazon.com/dp/B008M5U1C2?tag=everlastin08f-20,amazon_exact_or_unconfirmed,not_requested_amazon_blocks_automation,verify exact model and live ASIN,audit_required
https://everlasting-goods.com/articles/best-buy-it-for-life-chef-s-knives-professional-picks,https://www.amazon.com/Tojiro-DP-Gyuto-Cooking-Knife/dp/B076K8N95L?tag=everlastin08f-20,amazon_exact_or_unconfirmed,not_requested_amazon_blocks_automation,verify exact model and live ASIN,audit_required
https://everlasting-goods.com/articles/best-buy-it-for-life-chef-s-knives-professional-picks,https://www.amazon.com/Shun-Classic-Chefs-Knife-Angled/dp/B075QYV6L4?tag=everlastin08f-20,amazon_exact_or_unconfirmed,not_requested_amazon_blocks_automation,verify exact model and live ASIN,audit_required
https://everlasting-goods.com/articles/best-buy-it-for-life-chef-s-knives-professional-picks,https://www.amazon.com/s?k=VG10+high-carbon+stainless+steel&%3Btag=everlastin08f-20&tag=everlastin08f-20,amazon_search_result,not_requested_amazon_blocks_automation,remove recommendation or verify exact model,correction_required
https://everlasting-goods.com/articles/best-buy-it-for-life-chef-s-knives-professional-picks,https://www.amazon.com/s?k=Pakkawood+handles&%3Btag=everlastin08f-20&tag=everlastin08f-20,amazon_search_result,not_requested_amazon_blocks_automation,remove recommendation or verify exact model,correction_required
https://everlasting-goods.com/articles/best-buy-it-for-life-bifl-everyday-carry-pens-pens-that-last-a-lifetime,https://www.amazon.com/dp/B000WGD13C?tag=everlastin08f-20,amazon_exact_or_unconfirmed,not_requested_amazon_blocks_automation,verify exact model and live ASIN,audit_required
https://everlasting-goods.com/articles/best-buy-it-for-life-bifl-everyday-carry-pens-pens-that-last-a-lifetime,https://www.amazon.com/dp/B000WGD13C?tag=everlastin08f-20,amazon_exact_or_unconfirmed,not_requested_amazon_blocks_automation,verify exact model and live ASIN,audit_required
https://everlasting-goods.com/articles/best-buy-it-for-life-bifl-everyday-carry-pens-pens-that-last-a-lifetime,https://www.amazon.com/dp/B002L6RB80?tag=everlastin08f-20,amazon_exact_or_unconfirmed,not_requested_amazon_blocks_automation,verify exact model and live ASIN,audit_required
https://everlasting-goods.com/articles/best-buy-it-for-life-bifl-everyday-carry-pens-pens-that-last-a-lifetime,https://www.amazon.com/dp/B002L6RB80?tag=everlastin08f-20,amazon_exact_or_unconfirmed,not_requested_amazon_blocks_automation,verify exact model and live ASIN,audit_required
https://everlasting-goods.com/articles/best-buy-it-for-life-bifl-everyday-carry-pens-pens-that-last-a-lifetime,https://www.amazon.com/dp/B001603YXI?tag=everlastin08f-20,amazon_exact_or_unconfirmed,not_requested_amazon_blocks_automation,verify exact model and live ASIN,audit_required
https://everlasting-goods.com/articles/best-buy-it-for-life-bifl-everyday-carry-pens-pens-that-last-a-lifetime,https://www.amazon.com/dp/B001603YXI?tag=everlastin08f-20,amazon_exact_or_unconfirmed,not_requested_amazon_blocks_automation,verify exact model and live ASIN,audit_required
https://everlasting-goods.com/articles/best-buy-it-for-life-bifl-everyday-carry-pens-pens-that-last-a-lifetime,https://www.amazon.com/dp/B00AZWNS84?tag=everlastin08f-20,amazon_exact_or_unconfirmed,not_requested_amazon_blocks_automation,verify exact model and live ASIN,audit_required
https://everlasting-goods.com/articles/best-buy-it-for-life-bifl-everyday-carry-pens-pens-that-last-a-lifetime,https://www.amazon.com/dp/B00AZWNS84?tag=everlastin08f-20,amazon_exact_or_unconfirmed,not_requested_amazon_blocks_automation,verify exact model and live ASIN,audit_required
https://everlasting-goods.com/articles/best-buy-it-for-life-bifl-everyday-carry-pens-pens-that-last-a-lifetime,https://www.amazon.com/s?k=Tactile+Turn+Bolt+Action&%3Btag=everlastin08f-20&tag=everlastin08f-20,amazon_search_result,not_requested_amazon_blocks_automation,remove recommendation or verify exact model,correction_required
https://everlasting-goods.com/articles/best-buy-it-for-life-bifl-everyday-carry-pens-pens-that-last-a-lifetime,https://www.amazon.com/s?k=Tactile+Turn+Bolt+Action&%3Btag=everlastin08f-20&tag=everlastin08f-20,amazon_search_result,not_requested_amazon_blocks_automation,remove recommendation or verify exact model,correction_required
https://everlasting-goods.com/articles/best-buy-it-for-life-bifl-everyday-carry-pens-pens-that-last-a-lifetime,https://www.amazon.com/dp/B07SH9BBGS?tag=everlastin08f-20,amazon_exact_or_unconfirmed,not_requested_amazon_blocks_automation,verify exact model and live ASIN,audit_required
https://everlasting-goods.com/articles/best-buy-it-for-life-bifl-everyday-carry-pens-pens-that-last-a-lifetime,https://www.amazon.com/dp/B07SH9BBGS?tag=everlastin08f-20,amazon_exact_or_unconfirmed,not_requested_amazon_blocks_automation,verify exact model and live ASIN,audit_required
https://everlasting-goods.com/articles/best-safety-razors-that-last-a-lifetime,https://www.amazon.com/s?k=Edwin+Jagger+DE89+safety+razor&%3Btag=everlastin08f-20&tag=everlastin08f-20,amazon_search_result,not_requested_amazon_blocks_automation,remove recommendation or verify exact model,correction_required
https://everlasting-goods.com/articles/best-safety-razors-that-last-a-lifetime,https://www.amazon.com/s?k=Merkur+34C+safety+razor&%3Btag=everlastin08f-20&tag=everlastin08f-20,amazon_search_result,not_requested_amazon_blocks_automation,remove recommendation or verify exact model,correction_required
https://everlasting-goods.com/articles/best-safety-razors-that-last-a-lifetime,https://www.amazon.com/s?k=Henson+AL13+safety+razor&%3Btag=everlastin08f-20&tag=everlastin08f-20,amazon_search_result,not_requested_amazon_blocks_automation,remove recommendation or verify exact model,correction_required
https://everlasting-goods.com/articles/best-safety-razors-that-last-a-lifetime,https://www.amazon.com/s?k=Muhle+R41+safety+razor&%3Btag=everlastin08f-20&tag=everlastin08f-20,amazon_search_result,not_requested_amazon_blocks_automation,remove recommendation or verify exact model,correction_required
https://everlasting-goods.com/articles/best-stand-mixers-that-last-20-years,https://www.amazon.com/dp/B00005UP2P?tag=everlastin08f-20,amazon_exact_or_unconfirmed,not_requested_amazon_blocks_automation,verify exact model and live ASIN,audit_required
https://everlasting-goods.com/articles/best-stand-mixers-that-last-20-years,https://www.amazon.com/dp/B00005UP2P?tag=everlastin08f-20,amazon_exact_or_unconfirmed,not_requested_amazon_blocks_automation,verify exact model and live ASIN,audit_required
https://everlasting-goods.com/articles/best-stand-mixers-that-last-20-years,https://www.amazon.com/dp/B006ZRLVLA?tag=everlastin08f-20,amazon_exact_or_unconfirmed,not_requested_amazon_blocks_automation,verify exact model and live ASIN,audit_required
https://everlasting-goods.com/articles/best-stand-mixers-that-last-20-years,https://www.amazon.com/dp/B006ZRLVLA?tag=everlastin08f-20,amazon_exact_or_unconfirmed,not_requested_amazon_blocks_automation,verify exact model and live ASIN,audit_required
https://everlasting-goods.com/articles/best-stand-mixers-that-last-20-years,https://www.amazon.com/dp/B0001Z8K6O?tag=everlastin08f-20,amazon_exact_or_unconfirmed,not_requested_amazon_blocks_automation,verify exact model and live ASIN,audit_required
https://everlasting-goods.com/articles/best-stand-mixers-that-last-20-years,https://www.amazon.com/dp/B0001Z8K6O?tag=everlastin08f-20,amazon_exact_or_unconfirmed,not_requested_amazon_blocks_automation,verify exact model and live ASIN,audit_required
https://everlasting-goods.com/articles/best-stand-mixers-that-last-20-years,https://www.amazon.com/dp/B00PIMKI4G?tag=everlastin08f-20,amazon_exact_or_unconfirmed,not_requested_amazon_blocks_automation,verify exact model and live ASIN,audit_required
https://everlasting-goods.com/articles/best-stand-mixers-that-last-20-years,https://www.amazon.com/dp/B01BHUF168?tag=everlastin08f-20,amazon_exact_or_unconfirmed,not_requested_amazon_blocks_automation,verify exact model and live ASIN,audit_required
https://everlasting-goods.com/articles/best-stand-mixers-that-last-20-years,https://www.amazon.com/dp/B00005UP2P?tag=everlastin08f-20,amazon_exact_or_unconfirmed,not_requested_amazon_blocks_automation,verify exact model and live ASIN,audit_required
https://everlasting-goods.com/articles/best-stand-mixers-that-last-20-years,https://www.amazon.com/dp/B006ZRLVLA?tag=everlastin08f-20,amazon_exact_or_unconfirmed,not_requested_amazon_blocks_automation,verify exact model and live ASIN,audit_required
https://everlasting-goods.com/articles/best-stand-mixers-that-last-20-years,https://www.amazon.com/dp/B0001Z8K6O?tag=everlastin08f-20,amazon_exact_or_unconfirmed,not_requested_amazon_blocks_automation,verify exact model and live ASIN,audit_required
https://everlasting-goods.com/articles/best-buy-it-for-life-denim-jeans,https://www.amazon.com/dp/B07YN2HLGF?tag=everlastin08f-20,amazon_exact_or_unconfirmed,not_requested_amazon_blocks_automation,verify exact model and live ASIN,audit_required
https://everlasting-goods.com/articles/best-buy-it-for-life-denim-jeans,https://www.amazon.com/dp/B07YN2HLGF?tag=everlastin08f-20,amazon_exact_or_unconfirmed,not_requested_amazon_blocks_automation,verify exact model and live ASIN,audit_required
https://everlasting-goods.com/articles/best-buy-it-for-life-denim-jeans,https://www.amazon.com/dp/B009G7NKWI?tag=everlastin08f-20,amazon_exact_or_unconfirmed,not_requested_amazon_blocks_automation,verify exact model and live ASIN,audit_required
https://everlasting-goods.com/articles/best-buy-it-for-life-denim-jeans,https://www.amazon.com/dp/B009G7NKWI?tag=everlastin08f-20,amazon_exact_or_unconfirmed,not_requested_amazon_blocks_automation,verify exact model and live ASIN,audit_required
https://everlasting-goods.com/articles/best-buy-it-for-life-denim-jeans,https://www.amazon.com/dp/B0BVQJP89T?tag=everlastin08f-20,amazon_exact_or_unconfirmed,not_requested_amazon_blocks_automation,verify exact model and live ASIN,audit_required
https://everlasting-goods.com/articles/best-buy-it-for-life-denim-jeans,https://www.amazon.com/dp/B0BVQJP89T?tag=everlastin08f-20,amazon_exact_or_unconfirmed,not_requested_amazon_blocks_automation,verify exact model and live ASIN,audit_required
https://everlasting-goods.com/articles/best-buy-it-for-life-denim-jeans,https://www.amazon.com/dp/B0018OLTAC?tag=everlastin08f-20,amazon_exact_or_unconfirmed,not_requested_amazon_blocks_automation,verify exact model and live ASIN,audit_required
https://everlasting-goods.com/articles/best-buy-it-for-life-denim-jeans,https://www.amazon.com/dp/B00513DRR4?tag=everlastin08f-20,amazon_exact_or_unconfirmed,not_requested_amazon_blocks_automation,verify exact model and live ASIN,audit_required
https://everlasting-goods.com/articles/best-buy-it-for-life-denim-jeans,https://www.amazon.com/dp/B07YN2HLGF?tag=everlastin08f-20,amazon_exact_or_unconfirmed,not_requested_amazon_blocks_automation,verify exact model and live ASIN,audit_required
https://everlasting-goods.com/articles/best-buy-it-for-life-denim-jeans,https://www.amazon.com/dp/B009G7NKWI?tag=everlastin08f-20,amazon_exact_or_unconfirmed,not_requested_amazon_blocks_automation,verify exact model and live ASIN,audit_required
https://everlasting-goods.com/articles/best-buy-it-for-life-denim-jeans,https://www.amazon.com/dp/B0018OLTAC?tag=everlastin08f-20,amazon_exact_or_unconfirmed,not_requested_amazon_blocks_automation,verify exact model and live ASIN,audit_required
https://everlasting-goods.com/articles/best-leather-belts-that-last-a-lifetime,https://www.amazon.com/dp/B00G9KCPG8?tag=everlastin08f-20,amazon_exact_or_unconfirmed,not_requested_amazon_blocks_automation,verify exact model and live ASIN,audit_required
https://everlasting-goods.com/articles/best-leather-belts-that-last-a-lifetime,https://www.amazon.com/dp/B00G9KCPG8?tag=everlastin08f-20,amazon_exact_or_unconfirmed,not_requested_amazon_blocks_automation,verify exact model and live ASIN,audit_required
https://everlasting-goods.com/articles/best-leather-belts-that-last-a-lifetime,https://www.amazon.com/dp/B01LWTSIQE?tag=everlastin08f-20,amazon_exact_or_unconfirmed,not_requested_amazon_blocks_automation,verify exact model and live ASIN,audit_required
https://everlasting-goods.com/articles/best-leather-belts-that-last-a-lifetime,https://www.amazon.com/dp/B01LWTSIQE?tag=everlastin08f-20,amazon_exact_or_unconfirmed,not_requested_amazon_blocks_automation,verify exact model and live ASIN,audit_required
https://everlasting-goods.com/articles/best-leather-belts-that-last-a-lifetime,https://www.amazon.com/dp/B071LFR1QW?tag=everlastin08f-20,amazon_exact_or_unconfirmed,not_requested_amazon_blocks_automation,verify exact model and live ASIN,audit_required
https://everlasting-goods.com/articles/best-leather-belts-that-last-a-lifetime,https://www.amazon.com/dp/B071LFR1QW?tag=everlastin08f-20,amazon_exact_or_unconfirmed,not_requested_amazon_blocks_automation,verify exact model and live ASIN,audit_required
https://everlasting-goods.com/articles/best-leather-belts-that-last-a-lifetime,https://www.amazon.com/dp/B074N3NFGV?tag=everlastin08f-20,amazon_exact_or_unconfirmed,not_requested_amazon_blocks_automation,verify exact model and live ASIN,audit_required
https://everlasting-goods.com/articles/best-leather-belts-that-last-a-lifetime,https://www.amazon.com/dp/B009D2RYUW?tag=everlastin08f-20,amazon_exact_or_unconfirmed,not_requested_amazon_blocks_automation,verify exact model and live ASIN,audit_required
https://everlasting-goods.com/articles/best-leather-belts-that-last-a-lifetime,https://www.amazon.com/dp/B00G9KCPG8?tag=everlastin08f-20,amazon_exact_or_unconfirmed,not_requested_amazon_blocks_automation,verify exact model and live ASIN,audit_required
https://everlasting-goods.com/articles/best-leather-belts-that-last-a-lifetime,https://www.amazon.com/dp/B01LWTSIQE?tag=everlastin08f-20,amazon_exact_or_unconfirmed,not_requested_amazon_blocks_automation,verify exact model and live ASIN,audit_required
https://everlasting-goods.com/articles/best-leather-belts-that-last-a-lifetime,https://www.amazon.com/dp/B071LFR1QW?tag=everlastin08f-20,amazon_exact_or_unconfirmed,not_requested_amazon_blocks_automation,verify exact model and live ASIN,audit_required
https://everlasting-goods.com/articles/best-bifl-wool-blankets-and-throws,https://www.amazon.com/dp/B002DIFYGE?tag=everlastin08f-20,amazon_exact_or_unconfirmed,not_requested_amazon_blocks_automation,verify exact model and live ASIN,audit_required
https://everlasting-goods.com/articles/best-bifl-wool-blankets-and-throws,https://www.amazon.com/dp/B002DIFYGE?tag=everlastin08f-20,amazon_exact_or_unconfirmed,not_requested_amazon_blocks_automation,verify exact model and live ASIN,audit_required
https://everlasting-goods.com/articles/best-bifl-wool-blankets-and-throws,https://www.amazon.com/dp/B002LZUBLE?tag=everlastin08f-20,amazon_exact_or_unconfirmed,not_requested_amazon_blocks_automation,verify exact model and live ASIN,audit_required
https://everlasting-goods.com/articles/best-bifl-wool-blankets-and-throws,https://www.amazon.com/dp/B002LZUBLE?tag=everlastin08f-20,amazon_exact_or_unconfirmed,not_requested_amazon_blocks_automation,verify exact model and live ASIN,audit_required
https://everlasting-goods.com/articles/best-bifl-wool-blankets-and-throws,https://www.amazon.com/dp/B07V5BT4CD?tag=everlastin08f-20,amazon_exact_or_unconfirmed,not_requested_amazon_blocks_automation,verify exact model and live ASIN,audit_required
https://everlasting-goods.com/articles/best-bifl-wool-blankets-and-throws,https://www.amazon.com/dp/B07V5BT4CD?tag=everlastin08f-20,amazon_exact_or_unconfirmed,not_requested_amazon_blocks_automation,verify exact model and live ASIN,audit_required
https://everlasting-goods.com/articles/best-bifl-pocket-knives-for-everyday-carry,https://www.amazon.com/dp/B06XKRZXM6?tag=everlastin08f-20,amazon_exact_or_unconfirmed,not_requested_amazon_blocks_automation,verify exact model and live ASIN,audit_required
https://everlasting-goods.com/articles/best-bifl-pocket-knives-for-everyday-carry,https://www.amazon.com/dp/B06XKRZXM6?tag=everlastin08f-20,amazon_exact_or_unconfirmed,not_requested_amazon_blocks_automation,verify exact model and live ASIN,audit_required
https://everlasting-goods.com/articles/best-bifl-pocket-knives-for-everyday-carry,https://www.amazon.com/dp/B01MY3CMCD?tag=everlastin08f-20,amazon_exact_or_unconfirmed,not_requested_amazon_blocks_automation,verify exact model and live ASIN,audit_required
https://everlasting-goods.com/articles/best-bifl-pocket-knives-for-everyday-carry,https://www.amazon.com/dp/B01MY3CMCD?tag=everlastin08f-20,amazon_exact_or_unconfirmed,not_requested_amazon_blocks_automation,verify exact model and live ASIN,audit_required
https://everlasting-goods.com/articles/best-bifl-pocket-knives-for-everyday-carry,https://www.amazon.com/dp/B000FNFXOU?tag=everlastin08f-20,amazon_exact_or_unconfirmed,not_requested_amazon_blocks_automation,verify exact model and live ASIN,audit_required
https://everlasting-goods.com/articles/best-bifl-pocket-knives-for-everyday-carry,https://www.amazon.com/dp/B000FNFXOU?tag=everlastin08f-20,amazon_exact_or_unconfirmed,not_requested_amazon_blocks_automation,verify exact model and live ASIN,audit_required
https://everlasting-goods.com/articles/best-merino-wool-base-layers-that-last,https://www.amazon.com/dp/B07L2S93M5?tag=everlastin08f-20,amazon_exact_or_unconfirmed,not_requested_amazon_blocks_automation,verify exact model and live ASIN,audit_required
https://everlasting-goods.com/articles/best-merino-wool-base-layers-that-last,https://www.amazon.com/dp/B07L2S93M5?tag=everlastin08f-20,amazon_exact_or_unconfirmed,not_requested_amazon_blocks_automation,verify exact model and live ASIN,audit_required
https://everlasting-goods.com/articles/best-merino-wool-base-layers-that-last,https://www.amazon.com/dp/B07NDJB2YS?tag=everlastin08f-20,amazon_exact_or_unconfirmed,not_requested_amazon_blocks_automation,verify exact model and live ASIN,audit_required
https://everlasting-goods.com/articles/best-merino-wool-base-layers-that-last,https://www.amazon.com/dp/B07NDJB2YS?tag=everlastin08f-20,amazon_exact_or_unconfirmed,not_requested_amazon_blocks_automation,verify exact model and live ASIN,audit_required
https://everlasting-goods.com/articles/best-merino-wool-base-layers-that-last,https://www.amazon.com/dp/B004RGXPVO?tag=everlastin08f-20,amazon_exact_or_unconfirmed,not_requested_amazon_blocks_automation,verify exact model and live ASIN,audit_required
https://everlasting-goods.com/articles/best-merino-wool-base-layers-that-last,https://www.amazon.com/dp/B004RGXPVO?tag=everlastin08f-20,amazon_exact_or_unconfirmed,not_requested_amazon_blocks_automation,verify exact model and live ASIN,audit_required
https://everlasting-goods.com/articles/best-bifl-garden-tools-that-last-decades,https://www.amazon.com/dp/B0030MIHAU?tag=everlastin08f-20,amazon_exact_or_unconfirmed,not_requested_amazon_blocks_automation,verify exact model and live ASIN,audit_required
https://everlasting-goods.com/articles/best-bifl-garden-tools-that-last-decades,https://www.amazon.com/dp/B0030MIHAU?tag=everlastin08f-20,amazon_exact_or_unconfirmed,not_requested_amazon_blocks_automation,verify exact model and live ASIN,audit_required
https://everlasting-goods.com/articles/best-bifl-garden-tools-that-last-decades,https://www.amazon.com/dp/B000AM2IK8?tag=everlastin08f-20,amazon_exact_or_unconfirmed,not_requested_amazon_blocks_automation,verify exact model and live ASIN,audit_required
https://everlasting-goods.com/articles/best-bifl-garden-tools-that-last-decades,https://www.amazon.com/dp/B000AM2IK8?tag=everlastin08f-20,amazon_exact_or_unconfirmed,not_requested_amazon_blocks_automation,verify exact model and live ASIN,audit_required
https://everlasting-goods.com/articles/best-bifl-garden-tools-that-last-decades,https://www.amazon.com/dp/B00023SWYS?tag=everlastin08f-20,amazon_exact_or_unconfirmed,not_requested_amazon_blocks_automation,verify exact model and live ASIN,audit_required
https://everlasting-goods.com/articles/best-bifl-garden-tools-that-last-decades,https://www.amazon.com/dp/B00023SWYS?tag=everlastin08f-20,amazon_exact_or_unconfirmed,not_requested_amazon_blocks_automation,verify exact model and live ASIN,audit_required
https://everlasting-goods.com/articles/best-darn-tough-socks-the-only-socks-with-a-lifetime-guarantee,https://www.amazon.com/dp/B001G60NNK?tag=everlastin08f-20,amazon_exact_or_unconfirmed,not_requested_amazon_blocks_automation,verify exact model and live ASIN,audit_required
https://everlasting-goods.com/articles/best-darn-tough-socks-the-only-socks-with-a-lifetime-guarantee,https://www.amazon.com/dp/B001G60NNK?tag=everlastin08f-20,amazon_exact_or_unconfirmed,not_requested_amazon_blocks_automation,verify exact model and live ASIN,audit_required
https://everlasting-goods.com/articles/best-darn-tough-socks-the-only-socks-with-a-lifetime-guarantee,https://www.amazon.com/dp/B004R5VCLY?tag=everlastin08f-20,amazon_exact_or_unconfirmed,not_requested_amazon_blocks_automation,verify exact model and live ASIN,audit_required
https://everlasting-goods.com/articles/best-darn-tough-socks-the-only-socks-with-a-lifetime-guarantee,https://www.amazon.com/dp/B004R5VCLY?tag=everlastin08f-20,amazon_exact_or_unconfirmed,not_requested_amazon_blocks_automation,verify exact model and live ASIN,audit_required
https://everlasting-goods.com/articles/best-darn-tough-socks-the-only-socks-with-a-lifetime-guarantee,https://www.amazon.com/dp/B003XDXNFU?tag=everlastin08f-20,amazon_exact_or_unconfirmed,not_requested_amazon_blocks_automation,verify exact model and live ASIN,audit_required
https://everlasting-goods.com/articles/best-darn-tough-socks-the-only-socks-with-a-lifetime-guarantee,https://www.amazon.com/dp/B003XDXNFU?tag=everlastin08f-20,amazon_exact_or_unconfirmed,not_requested_amazon_blocks_automation,verify exact model and live ASIN,audit_required
https://everlasting-goods.com/articles/best-darn-tough-socks-the-only-socks-with-a-lifetime-guarantee,https://www.amazon.com/dp/B007V0J8NI?tag=everlastin08f-20,amazon_exact_or_unconfirmed,not_requested_amazon_blocks_automation,verify exact model and live ASIN,audit_required
https://everlasting-goods.com/articles/best-darn-tough-socks-the-only-socks-with-a-lifetime-guarantee,https://www.amazon.com/dp/B007V0J8NI?tag=everlastin08f-20,amazon_exact_or_unconfirmed,not_requested_amazon_blocks_automation,verify exact model and live ASIN,audit_required
https://everlasting-goods.com/articles/best-buy-it-for-life-umbrellas,https://www.amazon.com/dp/B0047D0Q6Y?tag=everlastin08f-20,amazon_exact_or_unconfirmed,not_requested_amazon_blocks_automation,verify exact model and live ASIN,audit_required
https://everlasting-goods.com/articles/best-buy-it-for-life-umbrellas,https://www.amazon.com/dp/B0047D0Q6Y?tag=everlastin08f-20,amazon_exact_or_unconfirmed,not_requested_amazon_blocks_automation,verify exact model and live ASIN,audit_required
https://everlasting-goods.com/articles/best-buy-it-for-life-umbrellas,https://www.amazon.com/dp/B0160HYB8S?tag=everlastin08f-20,amazon_exact_or_unconfirmed,not_requested_amazon_blocks_automation,verify exact model and live ASIN,audit_required
https://everlasting-goods.com/articles/best-buy-it-for-life-umbrellas,https://www.amazon.com/dp/B0160HYB8S?tag=everlastin08f-20,amazon_exact_or_unconfirmed,not_requested_amazon_blocks_automation,verify exact model and live ASIN,audit_required
https://everlasting-goods.com/articles/best-buy-it-for-life-umbrellas,https://www.amazon.com/dp/B000H87CIS?tag=everlastin08f-20,amazon_exact_or_unconfirmed,not_requested_amazon_blocks_automation,verify exact model and live ASIN,audit_required
https://everlasting-goods.com/articles/best-buy-it-for-life-umbrellas,https://www.amazon.com/dp/B000H87CIS?tag=everlastin08f-20,amazon_exact_or_unconfirmed,not_requested_amazon_blocks_automation,verify exact model and live ASIN,audit_required
https://everlasting-goods.com/articles/best-unsexy-quality-of-life-upgrades-that-are-worth-every-penny,https://www.amazon.com/s?k=TOTO+Washlet+C5&%3Btag=everlastin08f-20&tag=everlastin08f-20,amazon_search_result,not_requested_amazon_blocks_automation,remove recommendation or verify exact model,correction_required
https://everlasting-goods.com/articles/best-unsexy-quality-of-life-upgrades-that-are-worth-every-penny,https://www.amazon.com/s?k=Levoit+Core+400S&%3Btag=everlastin08f-20&tag=everlastin08f-20,amazon_search_result,not_requested_amazon_blocks_automation,remove recommendation or verify exact model,correction_required
https://everlasting-goods.com/articles/best-unsexy-quality-of-life-upgrades-that-are-worth-every-penny,https://www.amazon.com/s?k=Midea+Cube+dehumidifier&%3Btag=everlastin08f-20&tag=everlastin08f-20,amazon_search_result,not_requested_amazon_blocks_automation,remove recommendation or verify exact model,correction_required
https://everlasting-goods.com/articles/best-unsexy-quality-of-life-upgrades-that-are-worth-every-penny,https://www.amazon.com/s?k=OXO+Brew+Adjustable+Temperature+Kettle&%3Btag=everlastin08f-20&tag=everlastin08f-20,amazon_search_result,not_requested_amazon_blocks_automation,remove recommendation or verify exact model,correction_required
https://everlasting-goods.com/articles/best-unsexy-quality-of-life-upgrades-that-are-worth-every-penny,https://www.amazon.com/s?k=Saatva+mattress+topper&%3Btag=everlastin08f-20&tag=everlastin08f-20,amazon_search_result,not_requested_amazon_blocks_automation,remove recommendation or verify exact model,correction_required
https://everlasting-goods.com/articles/best-unsexy-quality-of-life-upgrades-that-are-worth-every-penny,https://www.amazon.com/s?k=TOTO+Washlet+C5&%3Btag=everlastin08f-20&tag=everlastin08f-20,amazon_search_result,not_requested_amazon_blocks_automation,remove recommendation or verify exact model,correction_required
https://everlasting-goods.com/articles/best-unsexy-quality-of-life-upgrades-that-are-worth-every-penny,https://www.amazon.com/s?k=Levoit+Core+400S&%3Btag=everlastin08f-20&tag=everlastin08f-20,amazon_search_result,not_requested_amazon_blocks_automation,remove recommendation or verify exact model,correction_required
https://everlasting-goods.com/articles/best-unsexy-quality-of-life-upgrades-that-are-worth-every-penny,https://www.amazon.com/s?k=Midea+Cube+dehumidifier&%3Btag=everlastin08f-20&tag=everlastin08f-20,amazon_search_result,not_requested_amazon_blocks_automation,remove recommendation or verify exact model,correction_required
https://everlasting-goods.com/articles/best-milestone-watches-for-life-events,https://www.amazon.com/s?k=Hamilton+Khaki+Field+Automatic&%3Btag=everlastin08f-20&tag=everlastin08f-20,amazon_search_result,not_requested_amazon_blocks_automation,remove recommendation or verify exact model,correction_required
https://everlasting-goods.com/articles/best-milestone-watches-for-life-events,https://www.amazon.com/s?k=Seiko+Alpinist&%3Btag=everlastin08f-20&tag=everlastin08f-20,amazon_search_result,not_requested_amazon_blocks_automation,remove recommendation or verify exact model,correction_required
https://everlasting-goods.com/articles/best-milestone-watches-for-life-events,https://www.amazon.com/s?k=Longines+Spirit+37&%3Btag=everlastin08f-20&tag=everlastin08f-20,amazon_search_result,not_requested_amazon_blocks_automation,remove recommendation or verify exact model,correction_required
https://everlasting-goods.com/articles/best-milestone-watches-for-life-events,https://www.amazon.com/s?k=Omega+Aqua+Terra&%3Btag=everlastin08f-20&tag=everlastin08f-20,amazon_search_result,not_requested_amazon_blocks_automation,remove recommendation or verify exact model,correction_required
https://everlasting-goods.com/articles/best-milestone-watches-for-life-events,https://www.amazon.com/s?k=Casio+G-Shock+GW-M5610U&%3Btag=everlastin08f-20&tag=everlastin08f-20,amazon_search_result,not_requested_amazon_blocks_automation,remove recommendation or verify exact model,correction_required
https://everlasting-goods.com/articles/best-milestone-watches-for-life-events,https://www.amazon.com/s?k=Casio+G-Shock+GW-M5610U&%3Btag=everlastin08f-20&tag=everlastin08f-20,amazon_search_result,not_requested_amazon_blocks_automation,remove recommendation or verify exact model,correction_required
https://everlasting-goods.com/articles/best-milestone-watches-for-life-events,https://www.amazon.com/s?k=Hamilton+Khaki+Field+Automatic&%3Btag=everlastin08f-20&tag=everlastin08f-20,amazon_search_result,not_requested_amazon_blocks_automation,remove recommendation or verify exact model,correction_required
https://everlasting-goods.com/articles/best-milestone-watches-for-life-events,https://www.amazon.com/s?k=Seiko+Alpinist&%3Btag=everlastin08f-20&tag=everlastin08f-20,amazon_search_result,not_requested_amazon_blocks_automation,remove recommendation or verify exact model,correction_required
https://everlasting-goods.com/articles/best-milestone-watches-for-life-events,https://www.amazon.com/s?k=Longines+Spirit+37&%3Btag=everlastin08f-20&tag=everlastin08f-20,amazon_search_result,not_requested_amazon_blocks_automation,remove recommendation or verify exact model,correction_required
https://everlasting-goods.com/articles/best-milestone-watches-for-life-events,https://www.amazon.com/s?k=Omega+Aqua+Terra&%3Btag=everlastin08f-20&tag=everlastin08f-20,amazon_search_result,not_requested_amazon_blocks_automation,remove recommendation or verify exact model,correction_required
https://everlasting-goods.com/articles/best-office-chairs-that-actually-last,https://www.amazon.com/s?k=Herman+Miller+Aeron&%3Btag=everlastin08f-20&tag=everlastin08f-20,amazon_search_result,not_requested_amazon_blocks_automation,remove recommendation or verify exact model,correction_required
https://everlasting-goods.com/articles/best-office-chairs-that-actually-last,https://www.amazon.com/s?k=Steelcase+Leap+chair&%3Btag=everlastin08f-20&tag=everlastin08f-20,amazon_search_result,not_requested_amazon_blocks_automation,remove recommendation or verify exact model,correction_required
https://everlasting-goods.com/articles/best-office-chairs-that-actually-last,https://www.amazon.com/s?k=Steelcase+Gesture&%3Btag=everlastin08f-20&tag=everlastin08f-20,amazon_search_result,not_requested_amazon_blocks_automation,remove recommendation or verify exact model,correction_required
https://everlasting-goods.com/articles/best-office-chairs-that-actually-last,https://www.amazon.com/s?k=Haworth+Fern&%3Btag=everlastin08f-20&tag=everlastin08f-20,amazon_search_result,not_requested_amazon_blocks_automation,remove recommendation or verify exact model,correction_required
https://everlasting-goods.com/articles/best-office-chairs-that-actually-last,https://www.amazon.com/s?k=Branch+Ergonomic+Chair&%3Btag=everlastin08f-20&tag=everlastin08f-20,amazon_search_result,not_requested_amazon_blocks_automation,remove recommendation or verify exact model,correction_required
https://everlasting-goods.com/articles/best-office-chairs-that-actually-last,https://www.amazon.com/s?k=refurbished+Steelcase+Leap&%3Btag=everlastin08f-20&tag=everlastin08f-20,amazon_search_result,not_requested_amazon_blocks_automation,remove recommendation or verify exact model,correction_required
https://everlasting-goods.com/articles/best-office-chairs-that-actually-last,https://www.amazon.com/s?k=Herman+Miller+Aeron&%3Btag=everlastin08f-20&tag=everlastin08f-20,amazon_search_result,not_requested_amazon_blocks_automation,remove recommendation or verify exact model,correction_required
https://everlasting-goods.com/articles/best-office-chairs-that-actually-last,https://www.amazon.com/s?k=Steelcase+Leap+chair&%3Btag=everlastin08f-20&tag=everlastin08f-20,amazon_search_result,not_requested_amazon_blocks_automation,remove recommendation or verify exact model,correction_required
https://everlasting-goods.com/articles/best-office-chairs-that-actually-last,https://www.amazon.com/s?k=Steelcase+Gesture&%3Btag=everlastin08f-20&tag=everlastin08f-20,amazon_search_result,not_requested_amazon_blocks_automation,remove recommendation or verify exact model,correction_required
https://everlasting-goods.com/articles/best-office-chairs-that-actually-last,https://www.amazon.com/s?k=Haworth+Fern&%3Btag=everlastin08f-20&tag=everlastin08f-20,amazon_search_result,not_requested_amazon_blocks_automation,remove recommendation or verify exact model,correction_required
https://everlasting-goods.com/articles/best-vacuum-cleaners-that-last-20-years,https://www.amazon.com/dp/B07B4GYDQK?tag=everlastin08f-20,amazon_exact_or_unconfirmed,not_requested_amazon_blocks_automation,verify exact model and live ASIN,audit_required
https://everlasting-goods.com/articles/best-vacuum-cleaners-that-last-20-years,https://www.amazon.com/dp/B07B4GYDQK?tag=everlastin08f-20,amazon_exact_or_unconfirmed,not_requested_amazon_blocks_automation,verify exact model and live ASIN,audit_required
https://everlasting-goods.com/articles/best-vacuum-cleaners-that-last-20-years,https://www.amazon.com/dp/B00B4LQW98?tag=everlastin08f-20,amazon_exact_or_unconfirmed,not_requested_amazon_blocks_automation,verify exact model and live ASIN,audit_required
https://everlasting-goods.com/articles/best-vacuum-cleaners-that-last-20-years,https://www.amazon.com/dp/B00B4LQW98?tag=everlastin08f-20,amazon_exact_or_unconfirmed,not_requested_amazon_blocks_automation,verify exact model and live ASIN,audit_required
https://everlasting-goods.com/articles/best-vacuum-cleaners-that-last-20-years,https://www.amazon.com/dp/B07PFYZFWM?tag=everlastin08f-20,amazon_exact_or_unconfirmed,not_requested_amazon_blocks_automation,verify exact model and live ASIN,audit_required
https://everlasting-goods.com/articles/best-vacuum-cleaners-that-last-20-years,https://www.amazon.com/dp/B07PFYZFWM?tag=everlastin08f-20,amazon_exact_or_unconfirmed,not_requested_amazon_blocks_automation,verify exact model and live ASIN,audit_required
https://everlasting-goods.com/articles/best-buy-it-for-life-coffee-grinders,https://www.amazon.com/s?k=Baratza+Encore&%3Btag=everlastin08f-20&tag=everlastin08f-20,amazon_search_result,not_requested_amazon_blocks_automation,remove recommendation or verify exact model,correction_required
https://everlasting-goods.com/articles/best-buy-it-for-life-coffee-grinders,https://www.amazon.com/s?k=Fellow+Ode+Gen+2&%3Btag=everlastin08f-20&tag=everlastin08f-20,amazon_search_result,not_requested_amazon_blocks_automation,remove recommendation or verify exact model,correction_required
https://everlasting-goods.com/articles/best-buy-it-for-life-coffee-grinders,https://www.amazon.com/s?k=Comandante+C40+MK4&%3Btag=everlastin08f-20&tag=everlastin08f-20,amazon_search_result,not_requested_amazon_blocks_automation,remove recommendation or verify exact model,correction_required
https://everlasting-goods.com/articles/best-buy-it-for-life-coffee-grinders,https://www.amazon.com/s?k=Zassenhaus+Hand+Grinder&%3Btag=everlastin08f-20&tag=everlastin08f-20,amazon_search_result,not_requested_amazon_blocks_automation,remove recommendation or verify exact model,correction_required
https://everlasting-goods.com/articles/best-dive-watches-that-last-a-lifetime,https://www.amazon.com/s?k=Seiko+SKX007&%3Btag=everlastin08f-20&tag=everlastin08f-20,amazon_search_result,not_requested_amazon_blocks_automation,remove recommendation or verify exact model,correction_required
https://everlasting-goods.com/articles/best-dive-watches-that-last-a-lifetime,https://www.amazon.com/s?k=Seiko+SKX013&%3Btag=everlastin08f-20&tag=everlastin08f-20,amazon_search_result,not_requested_amazon_blocks_automation,remove recommendation or verify exact model,correction_required
https://everlasting-goods.com/articles/best-dive-watches-that-last-a-lifetime,https://www.amazon.com/s?k=Orient+Mako+III&%3Btag=everlastin08f-20&tag=everlastin08f-20,amazon_search_result,not_requested_amazon_blocks_automation,remove recommendation or verify exact model,correction_required
https://everlasting-goods.com/articles/best-dive-watches-that-last-a-lifetime,https://www.amazon.com/s?k=Orient+Ray+III&%3Btag=everlastin08f-20&tag=everlastin08f-20,amazon_search_result,not_requested_amazon_blocks_automation,remove recommendation or verify exact model,correction_required
https://everlasting-goods.com/articles/best-dive-watches-that-last-a-lifetime,https://www.amazon.com/s?k=Citizen+Promaster+Marine+BN0150&%3Btag=everlastin08f-20&tag=everlastin08f-20,amazon_search_result,not_requested_amazon_blocks_automation,remove recommendation or verify exact model,correction_required
https://everlasting-goods.com/articles/best-dive-watches-that-last-a-lifetime,https://www.amazon.com/s?k=Tissot+Seastar+1000&%3Btag=everlastin08f-20&tag=everlastin08f-20,amazon_search_result,not_requested_amazon_blocks_automation,remove recommendation or verify exact model,correction_required
https://everlasting-goods.com/articles/best-dive-watches-that-last-a-lifetime,https://www.amazon.com/s?k=Rolex+Submariner&%3Btag=everlastin08f-20&tag=everlastin08f-20,amazon_search_result,not_requested_amazon_blocks_automation,remove recommendation or verify exact model,correction_required
https://everlasting-goods.com/articles/best-bifl-food-storage-containers,https://www.amazon.com/s?k=Pyrex+Glass+Food+Storage+Containers&%3Btag=everlastin08f-20&tag=everlastin08f-20,amazon_search_result,not_requested_amazon_blocks_automation,remove recommendation or verify exact model,correction_required
https://everlasting-goods.com/articles/best-bifl-food-storage-containers,https://www.amazon.com/s?k=Anchor+Hocking+Glass+Food+Storage&%3Btag=everlastin08f-20&tag=everlastin08f-20,amazon_search_result,not_requested_amazon_blocks_automation,remove recommendation or verify exact model,correction_required
https://everlasting-goods.com/articles/best-bifl-food-storage-containers,https://www.amazon.com/s?k=LunchBots+Stainless+Steel+Containers&%3Btag=everlastin08f-20&tag=everlastin08f-20,amazon_search_result,not_requested_amazon_blocks_automation,remove recommendation or verify exact model,correction_required
https://everlasting-goods.com/articles/best-bifl-food-storage-containers,https://www.amazon.com/s?k=Thermos+Stainless+Food+Jar&%3Btag=everlastin08f-20&tag=everlastin08f-20,amazon_search_result,not_requested_amazon_blocks_automation,remove recommendation or verify exact model,correction_required
https://everlasting-goods.com/articles/best-bifl-tool-sets-for-home-repair,https://www.amazon.com/dp/B07W9Y5Z6Q?tag=everlastin08f-20,amazon_exact_or_unconfirmed,not_requested_amazon_blocks_automation,verify exact model and live ASIN,audit_required
https://everlasting-goods.com/articles/best-bifl-tool-sets-for-home-repair,https://www.amazon.com/dp/B07W9Y5Z6Q?tag=everlastin08f-20,amazon_exact_or_unconfirmed,not_requested_amazon_blocks_automation,verify exact model and live ASIN,audit_required
https://everlasting-goods.com/articles/best-bifl-tool-sets-for-home-repair,https://www.amazon.com/dp/B07C5VZJWQ?tag=everlastin08f-20,amazon_exact_or_unconfirmed,not_requested_amazon_blocks_automation,verify exact model and live ASIN,audit_required
https://everlasting-goods.com/articles/best-bifl-tool-sets-for-home-repair,https://www.amazon.com/dp/B07C5VZJWQ?tag=everlastin08f-20,amazon_exact_or_unconfirmed,not_requested_amazon_blocks_automation,verify exact model and live ASIN,audit_required
https://everlasting-goods.com/articles/best-bifl-tool-sets-for-home-repair,https://www.amazon.com/dp/B07FQ9Y5JH?tag=everlastin08f-20,amazon_exact_or_unconfirmed,not_requested_amazon_blocks_automation,verify exact model and live ASIN,audit_required
https://everlasting-goods.com/articles/best-bifl-tool-sets-for-home-repair,https://www.amazon.com/dp/B07FQ9Y5JH?tag=everlastin08f-20,amazon_exact_or_unconfirmed,not_requested_amazon_blocks_automation,verify exact model and live ASIN,audit_required
https://everlasting-goods.com/articles/best-bifl-tool-sets-for-home-repair,https://www.amazon.com/dp/B081ZJW2L4?tag=everlastin08f-20,amazon_exact_or_unconfirmed,not_requested_amazon_blocks_automation,verify exact model and live ASIN,audit_required
https://everlasting-goods.com/articles/best-bifl-tool-sets-for-home-repair,https://www.amazon.com/dp/B081ZJW2L4?tag=everlastin08f-20,amazon_exact_or_unconfirmed,not_requested_amazon_blocks_automation,verify exact model and live ASIN,audit_required
https://everlasting-goods.com/articles/best-bifl-travel-luggage-and-suitcases,https://www.amazon.com/dp/B01C59W64O?tag=everlastin08f-20,amazon_exact_or_unconfirmed,not_requested_amazon_blocks_automation,verify exact model and live ASIN,audit_required
https://everlasting-goods.com/articles/best-bifl-travel-luggage-and-suitcases,https://www.amazon.com/dp/B01C59W64O?tag=everlastin08f-20,amazon_exact_or_unconfirmed,not_requested_amazon_blocks_automation,verify exact model and live ASIN,audit_required
https://everlasting-goods.com/articles/best-bifl-travel-luggage-and-suitcases,https://www.amazon.com/dp/B01CZ3476E?tag=everlastin08f-20,amazon_exact_or_unconfirmed,not_requested_amazon_blocks_automation,verify exact model and live ASIN,audit_required
https://everlasting-goods.com/articles/best-bifl-travel-luggage-and-suitcases,https://www.amazon.com/dp/B01CZ3476E?tag=everlastin08f-20,amazon_exact_or_unconfirmed,not_requested_amazon_blocks_automation,verify exact model and live ASIN,audit_required
https://everlasting-goods.com/articles/best-bifl-travel-luggage-and-suitcases,https://www.amazon.com/dp/B01CZ3476E?tag=everlastin08f-20,amazon_exact_or_unconfirmed,not_requested_amazon_blocks_automation,verify exact model and live ASIN,audit_required
https://everlasting-goods.com/articles/best-bifl-travel-luggage-and-suitcases,https://www.amazon.com/dp/B01CZ3476E?tag=everlastin08f-20,amazon_exact_or_unconfirmed,not_requested_amazon_blocks_automation,verify exact model and live ASIN,audit_required
https://everlasting-goods.com/articles/best-bifl-travel-luggage-and-suitcases,https://www.amazon.com/dp/B01CZ3476E?tag=everlastin08f-20,amazon_exact_or_unconfirmed,not_requested_amazon_blocks_automation,verify exact model and live ASIN,audit_required
https://everlasting-goods.com/articles/best-bifl-travel-luggage-and-suitcases,https://www.amazon.com/dp/B01CZ3476E?tag=everlastin08f-20,amazon_exact_or_unconfirmed,not_requested_amazon_blocks_automation,verify exact model and live ASIN,audit_required
https://everlasting-goods.com/articles/best-bifl-watches-under-500,https://www.amazon.com/dp/B07Y6Z9T4G?tag=everlastin08f-20,amazon_exact_or_unconfirmed,not_requested_amazon_blocks_automation,verify exact model and live ASIN,audit_required
https://everlasting-goods.com/articles/best-bifl-watches-under-500,https://www.amazon.com/dp/B07Y6Z9T4G?tag=everlastin08f-20,amazon_exact_or_unconfirmed,not_requested_amazon_blocks_automation,verify exact model and live ASIN,audit_required
https://everlasting-goods.com/articles/best-bifl-watches-under-500,https://www.amazon.com/dp/B079Q6Y2ZP?tag=everlastin08f-20,amazon_exact_or_unconfirmed,not_requested_amazon_blocks_automation,verify exact model and live ASIN,audit_required
https://everlasting-goods.com/articles/best-bifl-watches-under-500,https://www.amazon.com/dp/B079Q6Y2ZP?tag=everlastin08f-20,amazon_exact_or_unconfirmed,not_requested_amazon_blocks_automation,verify exact model and live ASIN,audit_required
https://everlasting-goods.com/articles/best-bifl-watches-under-500,https://www.amazon.com/dp/B07H2G5X6C?tag=everlastin08f-20,amazon_exact_or_unconfirmed,not_requested_amazon_blocks_automation,verify exact model and live ASIN,audit_required
https://everlasting-goods.com/articles/best-bifl-watches-under-500,https://www.amazon.com/dp/B07H2G5X6C?tag=everlastin08f-20,amazon_exact_or_unconfirmed,not_requested_amazon_blocks_automation,verify exact model and live ASIN,audit_required
https://everlasting-goods.com/articles/best-bifl-watches-under-500,https://www.amazon.com/dp/B07X6VZ9LJ?tag=everlastin08f-20,amazon_exact_or_unconfirmed,not_requested_amazon_blocks_automation,verify exact model and live ASIN,audit_required
https://everlasting-goods.com/articles/best-bifl-watches-under-500,https://www.amazon.com/dp/B07X6VZ9LJ?tag=everlastin08f-20,amazon_exact_or_unconfirmed,not_requested_amazon_blocks_automation,verify exact model and live ASIN,audit_required
https://everlasting-goods.com/articles/best-stainless-steel-pots-that-last-forever,https://www.amazon.com/s?k=All-Clad+D3+Stainless+Saucepan&%3Btag=everlastin08f-20&tag=everlastin08f-20,amazon_search_result,not_requested_amazon_blocks_automation,remove recommendation or verify exact model,correction_required
https://everlasting-goods.com/articles/best-stainless-steel-pots-that-last-forever,https://www.amazon.com/s?k=Demeyere+Industry+5-Ply&%3Btag=everlastin08f-20&tag=everlastin08f-20,amazon_search_result,not_requested_amazon_blocks_automation,remove recommendation or verify exact model,correction_required
https://everlasting-goods.com/articles/best-stainless-steel-pots-that-last-forever,https://www.amazon.com/s?k=Mauviel+M%27Cook+Stainless&%3Btag=everlastin08f-20&tag=everlastin08f-20,amazon_search_result,not_requested_amazon_blocks_automation,remove recommendation or verify exact model,correction_required
https://everlasting-goods.com/articles/best-stainless-steel-pots-that-last-forever,https://www.amazon.com/s?k=Made+In+Cookware+Stainless&%3Btag=everlastin08f-20&tag=everlastin08f-20,amazon_search_result,not_requested_amazon_blocks_automation,remove recommendation or verify exact model,correction_required
https://everlasting-goods.com/articles/best-stainless-steel-pots-that-last-forever,https://www.amazon.com/s?k=Tramontina+Tri-Ply+Clad&%3Btag=everlastin08f-20&tag=everlastin08f-20,amazon_search_result,not_requested_amazon_blocks_automation,remove recommendation or verify exact model,correction_required
https://everlasting-goods.com/articles/best-stainless-steel-pots-that-last-forever,https://www.amazon.com/s?k=Calphalon+Classic+Stainless&%3Btag=everlastin08f-20&tag=everlastin08f-20,amazon_search_result,not_requested_amazon_blocks_automation,remove recommendation or verify exact model,correction_required
https://everlasting-goods.com/articles/best-stainless-steel-pots-that-last-forever,https://www.amazon.com/s?k=Cuisinart+Multiclad+Pro&%3Btag=everlastin08f-20&tag=everlastin08f-20,amazon_search_result,not_requested_amazon_blocks_automation,remove recommendation or verify exact model,correction_required
https://everlasting-goods.com/articles/best-stainless-steel-pots-that-last-forever,https://www.amazon.com/s?k=Farberware+Stainless+Steel&%3Btag=everlastin08f-20&tag=everlastin08f-20,amazon_search_result,not_requested_amazon_blocks_automation,remove recommendation or verify exact model,correction_required
https://everlasting-goods.com/articles/best-bifl-sandals-that-actually-last,https://www.amazon.com/s?k=Chacos+Z%2F1+Classic+Sandal&%3Btag=everlastin08f-20&tag=everlastin08f-20,amazon_search_result,not_requested_amazon_blocks_automation,remove recommendation or verify exact model,correction_required
https://everlasting-goods.com/articles/best-bifl-sandals-that-actually-last,https://www.amazon.com/s?k=KEEN+Newport+H2+Sandal&%3Btag=everlastin08f-20&tag=everlastin08f-20,amazon_search_result,not_requested_amazon_blocks_automation,remove recommendation or verify exact model,correction_required
https://everlasting-goods.com/articles/best-bifl-sandals-that-actually-last,https://www.amazon.com/s?k=Teva+Original+Universal+Sandal&%3Btag=everlastin08f-20&tag=everlastin08f-20,amazon_search_result,not_requested_amazon_blocks_automation,remove recommendation or verify exact model,correction_required
https://everlasting-goods.com/articles/best-bifl-sandals-that-actually-last,https://www.amazon.com/s?k=Bedrock+Cairn+Sandals&%3Btag=everlastin08f-20&tag=everlastin08f-20,amazon_search_result,not_requested_amazon_blocks_automation,remove recommendation or verify exact model,correction_required
https://everlasting-goods.com/articles/best-toasters-that-last-a-lifetime,https://www.amazon.com/s?k=Dualit+2-Slice+Classic+Toaster&%3Btag=everlastin08f-20&tag=everlastin08f-20,amazon_search_result,not_requested_amazon_blocks_automation,remove recommendation or verify exact model,correction_required
https://everlasting-goods.com/articles/best-toasters-that-last-a-lifetime,https://www.amazon.com/s?k=Breville+Die-Cast+2-Slice+Smart+Toaster&%3Btag=everlastin08f-20&tag=everlastin08f-20,amazon_search_result,not_requested_amazon_blocks_automation,remove recommendation or verify exact model,correction_required
https://everlasting-goods.com/articles/best-toasters-that-last-a-lifetime,https://www.amazon.com/s?k=KitchenAid+2-Slice+Toaster&%3Btag=everlastin08f-20&tag=everlastin08f-20,amazon_search_result,not_requested_amazon_blocks_automation,remove recommendation or verify exact model,correction_required
https://everlasting-goods.com/articles/best-toasters-that-last-a-lifetime,https://www.amazon.com/s?k=Cuisinart+CPT-122+2-Slice+Compact+Toaster&%3Btag=everlastin08f-20&tag=everlastin08f-20,amazon_search_result,not_requested_amazon_blocks_automation,remove recommendation or verify exact model,correction_required
https://everlasting-goods.com/articles/best-toasters-that-last-a-lifetime,https://www.amazon.com/s?k=Sunbeam+Radiant+Control+Toaster+vintage&%3Btag=everlastin08f-20&tag=everlastin08f-20,amazon_search_result,not_requested_amazon_blocks_automation,remove recommendation or verify exact model,correction_required
https://everlasting-goods.com/articles/best-toasters-that-last-a-lifetime,https://www.amazon.com/s?k=Dualit+2-Slice+Classic+Toaster&%3Btag=everlastin08f-20&tag=everlastin08f-20,amazon_search_result,not_requested_amazon_blocks_automation,remove recommendation or verify exact model,correction_required
https://everlasting-goods.com/articles/best-buy-it-for-life-alarm-clocks,https://www.amazon.com/dp/B002R6QJ3I?tag=everlastin08f-20,amazon_exact_or_unconfirmed,not_requested_amazon_blocks_automation,verify exact model and live ASIN,audit_required
https://everlasting-goods.com/articles/best-buy-it-for-life-alarm-clocks,https://www.amazon.com/dp/B002R6QJ3I?tag=everlastin08f-20,amazon_exact_or_unconfirmed,not_requested_amazon_blocks_automation,verify exact model and live ASIN,audit_required
https://everlasting-goods.com/articles/best-buy-it-for-life-alarm-clocks,https://www.amazon.com/dp/B07Q9Y5N61?tag=everlastin08f-20,amazon_exact_or_unconfirmed,not_requested_amazon_blocks_automation,verify exact model and live ASIN,audit_required
https://everlasting-goods.com/articles/best-buy-it-for-life-alarm-clocks,https://www.amazon.com/dp/B07Q9Y5N61?tag=everlastin08f-20,amazon_exact_or_unconfirmed,not_requested_amazon_blocks_automation,verify exact model and live ASIN,audit_required
https://everlasting-goods.com/articles/best-buy-it-for-life-alarm-clocks,https://www.amazon.com/dp/B07X9J43Z5?tag=everlastin08f-20,amazon_exact_or_unconfirmed,not_requested_amazon_blocks_automation,verify exact model and live ASIN,audit_required
https://everlasting-goods.com/articles/best-buy-it-for-life-alarm-clocks,https://www.amazon.com/dp/B07X9J43Z5?tag=everlastin08f-20,amazon_exact_or_unconfirmed,not_requested_amazon_blocks_automation,verify exact model and live ASIN,audit_required
https://everlasting-goods.com/articles/best-buy-it-for-life-alarm-clocks,https://www.amazon.com/dp/B07F9Y4VZ5?tag=everlastin08f-20,amazon_exact_or_unconfirmed,not_requested_amazon_blocks_automation,verify exact model and live ASIN,audit_required
https://everlasting-goods.com/articles/best-buy-it-for-life-alarm-clocks,https://www.amazon.com/dp/B07F9Y4VZ5?tag=everlastin08f-20,amazon_exact_or_unconfirmed,not_requested_amazon_blocks_automation,verify exact model and live ASIN,audit_required
https://everlasting-goods.com/articles/best-buy-it-for-life-aprons-for-cooking-and-shop-work,https://www.amazon.com/dp/B079F6ZJ5D?tag=everlastin08f-20,amazon_exact_or_unconfirmed,not_requested_amazon_blocks_automation,verify exact model and live ASIN,audit_required
https://everlasting-goods.com/articles/best-buy-it-for-life-aprons-for-cooking-and-shop-work,https://www.amazon.com/dp/B079F6ZJ5D?tag=everlastin08f-20,amazon_exact_or_unconfirmed,not_requested_amazon_blocks_automation,verify exact model and live ASIN,audit_required
https://everlasting-goods.com/articles/best-buy-it-for-life-aprons-for-cooking-and-shop-work,https://www.amazon.com/dp/B07X69Y1Z5?tag=everlastin08f-20,amazon_exact_or_unconfirmed,not_requested_amazon_blocks_automation,verify exact model and live ASIN,audit_required
https://everlasting-goods.com/articles/best-buy-it-for-life-aprons-for-cooking-and-shop-work,https://www.amazon.com/dp/B07X69Y1Z5?tag=everlastin08f-20,amazon_exact_or_unconfirmed,not_requested_amazon_blocks_automation,verify exact model and live ASIN,audit_required
https://everlasting-goods.com/articles/best-buy-it-for-life-aprons-for-cooking-and-shop-work,https://www.amazon.com/dp/B07Z5G1K3V?tag=everlastin08f-20,amazon_exact_or_unconfirmed,not_requested_amazon_blocks_automation,verify exact model and live ASIN,audit_required
https://everlasting-goods.com/articles/best-buy-it-for-life-aprons-for-cooking-and-shop-work,https://www.amazon.com/dp/B07Z5G1K3V?tag=everlastin08f-20,amazon_exact_or_unconfirmed,not_requested_amazon_blocks_automation,verify exact model and live ASIN,audit_required
https://everlasting-goods.com/articles/best-buy-it-for-life-cast-iron-dutch-ovens,https://www.amazon.com/dp/B00H9Z5Y2O?tag=everlastin08f-20,amazon_exact_or_unconfirmed,not_requested_amazon_blocks_automation,verify exact model and live ASIN,audit_required
https://everlasting-goods.com/articles/best-buy-it-for-life-cast-iron-dutch-ovens,https://www.amazon.com/dp/B00H9Z5Y2O?tag=everlastin08f-20,amazon_exact_or_unconfirmed,not_requested_amazon_blocks_automation,verify exact model and live ASIN,audit_required
https://everlasting-goods.com/articles/best-buy-it-for-life-cast-iron-dutch-ovens,https://www.amazon.com/dp/B0006LWZ94?tag=everlastin08f-20,amazon_exact_or_unconfirmed,not_requested_amazon_blocks_automation,verify exact model and live ASIN,audit_required
https://everlasting-goods.com/articles/best-buy-it-for-life-cast-iron-dutch-ovens,https://www.amazon.com/dp/B0006LWZ94?tag=everlastin08f-20,amazon_exact_or_unconfirmed,not_requested_amazon_blocks_automation,verify exact model and live ASIN,audit_required
https://everlasting-goods.com/articles/best-buy-it-for-life-cast-iron-dutch-ovens,https://www.amazon.com/dp/B01FQ62IYU?tag=everlastin08f-20,amazon_exact_or_unconfirmed,not_requested_amazon_blocks_automation,verify exact model and live ASIN,audit_required
https://everlasting-goods.com/articles/best-buy-it-for-life-cast-iron-dutch-ovens,https://www.amazon.com/dp/B01FQ62IYU?tag=everlastin08f-20,amazon_exact_or_unconfirmed,not_requested_amazon_blocks_automation,verify exact model and live ASIN,audit_required
https://everlasting-goods.com/articles/best-buy-it-for-life-cast-iron-dutch-ovens,https://www.amazon.com/dp/B0791QJGZD?tag=everlastin08f-20,amazon_exact_or_unconfirmed,not_requested_amazon_blocks_automation,verify exact model and live ASIN,audit_required
https://everlasting-goods.com/articles/best-buy-it-for-life-cast-iron-dutch-ovens,https://www.amazon.com/dp/B0791QJGZD?tag=everlastin08f-20,amazon_exact_or_unconfirmed,not_requested_amazon_blocks_automation,verify exact model and live ASIN,audit_required
https://everlasting-goods.com/articles/best-buy-it-for-life-bath-towels,https://www.amazon.com/dp/B0815JY6Z9?tag=everlastin08f-20,amazon_exact_or_unconfirmed,not_requested_amazon_blocks_automation,verify exact model and live ASIN,audit_required
https://everlasting-goods.com/articles/best-buy-it-for-life-bath-towels,https://www.amazon.com/dp/B0815JY6Z9?tag=everlastin08f-20,amazon_exact_or_unconfirmed,not_requested_amazon_blocks_automation,verify exact model and live ASIN,audit_required
https://everlasting-goods.com/articles/best-buy-it-for-life-bath-towels,https://www.amazon.com/dp/B07Z5G6K4T?tag=everlastin08f-20,amazon_exact_or_unconfirmed,not_requested_amazon_blocks_automation,verify exact model and live ASIN,audit_required
https://everlasting-goods.com/articles/best-buy-it-for-life-bath-towels,https://www.amazon.com/dp/B07Z5G6K4T?tag=everlastin08f-20,amazon_exact_or_unconfirmed,not_requested_amazon_blocks_automation,verify exact model and live ASIN,audit_required
https://everlasting-goods.com/articles/best-buy-it-for-life-bath-towels,https://www.amazon.com/dp/B07Q5R6Z4V?tag=everlastin08f-20,amazon_exact_or_unconfirmed,not_requested_amazon_blocks_automation,verify exact model and live ASIN,audit_required
https://everlasting-goods.com/articles/best-buy-it-for-life-bath-towels,https://www.amazon.com/dp/B07Q5R6Z4V?tag=everlastin08f-20,amazon_exact_or_unconfirmed,not_requested_amazon_blocks_automation,verify exact model and live ASIN,audit_required
https://everlasting-goods.com/articles/best-buy-it-for-life-desk-lamps,https://www.amazon.com/dp/B07D9Y8Z5J?tag=everlastin08f-20,amazon_exact_or_unconfirmed,not_requested_amazon_blocks_automation,verify exact model and live ASIN,audit_required
https://everlasting-goods.com/articles/best-buy-it-for-life-desk-lamps,https://www.amazon.com/dp/B07D9Y8Z5J?tag=everlastin08f-20,amazon_exact_or_unconfirmed,not_requested_amazon_blocks_automation,verify exact model and live ASIN,audit_required
https://everlasting-goods.com/articles/best-buy-it-for-life-desk-lamps,https://www.amazon.com/dp/B07Q5Z6G39?tag=everlastin08f-20,amazon_exact_or_unconfirmed,not_requested_amazon_blocks_automation,verify exact model and live ASIN,audit_required
https://everlasting-goods.com/articles/best-buy-it-for-life-desk-lamps,https://www.amazon.com/dp/B07Q5Z6G39?tag=everlastin08f-20,amazon_exact_or_unconfirmed,not_requested_amazon_blocks_automation,verify exact model and live ASIN,audit_required
https://everlasting-goods.com/articles/best-buy-it-for-life-desk-lamps,https://www.amazon.com/dp/B07Y5X3G2H?tag=everlastin08f-20,amazon_exact_or_unconfirmed,not_requested_amazon_blocks_automation,verify exact model and live ASIN,audit_required
https://everlasting-goods.com/articles/best-buy-it-for-life-desk-lamps,https://www.amazon.com/dp/B07Y5X3G2H?tag=everlastin08f-20,amazon_exact_or_unconfirmed,not_requested_amazon_blocks_automation,verify exact model and live ASIN,audit_required
https://everlasting-goods.com/articles/best-buy-it-for-life-duffel-bags,https://www.amazon.com/dp/B07Z6Y5K3G?tag=everlastin08f-20,amazon_exact_or_unconfirmed,not_requested_amazon_blocks_automation,verify exact model and live ASIN,audit_required
https://everlasting-goods.com/articles/best-buy-it-for-life-duffel-bags,https://www.amazon.com/dp/B07Z6Y5K3G?tag=everlastin08f-20,amazon_exact_or_unconfirmed,not_requested_amazon_blocks_automation,verify exact model and live ASIN,audit_required
https://everlasting-goods.com/articles/best-buy-it-for-life-duffel-bags,https://www.amazon.com/dp/B07X9Y6H5Z?tag=everlastin08f-20,amazon_exact_or_unconfirmed,not_requested_amazon_blocks_automation,verify exact model and live ASIN,audit_required
https://everlasting-goods.com/articles/best-buy-it-for-life-duffel-bags,https://www.amazon.com/dp/B07X9Y6H5Z?tag=everlastin08f-20,amazon_exact_or_unconfirmed,not_requested_amazon_blocks_automation,verify exact model and live ASIN,audit_required
https://everlasting-goods.com/articles/best-buy-it-for-life-duffel-bags,https://www.amazon.com/dp/B0716YKZ4D?tag=everlastin08f-20,amazon_exact_or_unconfirmed,not_requested_amazon_blocks_automation,verify exact model and live ASIN,audit_required
https://everlasting-goods.com/articles/best-buy-it-for-life-duffel-bags,https://www.amazon.com/dp/B0716YKZ4D?tag=everlastin08f-20,amazon_exact_or_unconfirmed,not_requested_amazon_blocks_automation,verify exact model and live ASIN,audit_required
https://everlasting-goods.com/categories/kitchen,https://www.amazon.com/dp/B00006JSUA?tag=everlastin08f-20,amazon_exact_or_unconfirmed,not_requested_amazon_blocks_automation,verify exact model and live ASIN,audit_required
https://everlasting-goods.com/categories/kitchen,https://www.amazon.com/dp/B008M5U1C2?tag=everlastin08f-20,amazon_exact_or_unconfirmed,not_requested_amazon_blocks_automation,verify exact model and live ASIN,audit_required
https://everlasting-goods.com/categories/kitchen,Verified product photo not yet loaded,photo_placeholder,n/a,remove unverified directory entry until legal image exists,correction_required
https://everlasting-goods.com/categories/edc,https://www.amazon.com/dp/B09M8WYN9X?tag=everlastin08f-20,amazon_exact_or_unconfirmed,not_requested_amazon_blocks_automation,verify exact model and live ASIN,audit_required
https://everlasting-goods.com/categories/edc,Verified product photo not yet loaded,photo_placeholder,n/a,remove unverified directory entry until legal image exists,correction_required
https://everlasting-goods.com/categories/outdoor,https://www.amazon.com/dp/B01N1URQBP?tag=everlastin08f-20,amazon_exact_or_unconfirmed,not_requested_amazon_blocks_automation,verify exact model and live ASIN,audit_required
https://everlasting-goods.com/categories/outdoor,Verified product photo not yet loaded,photo_placeholder,n/a,remove unverified directory entry until legal image exists,correction_required
https://everlasting-goods.com/categories/clothing,https://www.amazon.com/dp/B001IOEQH8?tag=everlastin08f-20,amazon_exact_or_unconfirmed,not_requested_amazon_blocks_automation,verify exact model and live ASIN,audit_required
https://everlasting-goods.com/categories/clothing,https://www.amazon.com/dp/B074CJN4BH?tag=everlastin08f-20,amazon_exact_or_unconfirmed,not_requested_amazon_blocks_automation,verify exact model and live ASIN,audit_required
https://everlasting-goods.com/categories/clothing,Verified product photo not yet loaded,photo_placeholder,n/a,remove unverified directory entry until legal image exists,correction_required
